8298, 157.299469, 15.559711
8299, 157.299469, 15.603656
8299, 157.233551, 15.559711
8299, 157.255524, 15.559711
8299, 157.255524, 15.581683
8306, 157.277496, 15.581683
8306, 157.299469, 15.537738
8308, 157.299469, 15.603656
8313, 157.277496, 15.581683
8318, 157.299469, 15.537738
8323, 157.277496, 15.581683
8328, 157.343414, 15.515767
8333, 157.277496, 15.559711
8338, 157.321442, 15.581683
8343, 157.277496, 15.559711
8398, 157.277496, 15.537738
8399, 157.277496, 15.559711
8399, 157.299469, 15.515767
8399, 157.255524, 15.559711
8399, 157.277496, 15.515767
8400, 157.233551, 15.603656
8407, 157.233551, 15.559711
8412, 157.299469, 15.537738
8417, 157.255524, 15.537738
8422, 157.233551, 15.581683
8426, 157.277496, 15.515767
8431, 157.255524, 15.515767
8436, 157.277496, 15.581683
8441, 157.277496, 15.493794
8446, 157.299469, 15.537738
8502, 157.277496, 15.581683
8502, 157.255524, 15.647601
8503, 157.343414, 15.559711
8503, 157.277496, 15.559711
8503, 157.277496, 15.581683
8503, 157.299469, 15.581683
8510, 157.277496, 15.537738
8515, 157.321442, 15.603656
8520, 157.343414, 15.493794
8525, 157.233551, 15.515767
8530, 157.321442, 15.559711
8535, 157.365387, 15.581683
8540, 157.299469, 15.581683
8545, 157.321442, 15.515767
8550, 157.277496, 15.515767
8605, 157.299469, 15.559711
8606, 157.321442, 15.581683
8606, 157.321442, 15.581683
8607, 157.277496, 15.581683
8607, 157.321442, 15.581683
8607, 157.277496, 15.559711
8614, 157.277496, 15.515767
8619, 157.277496, 15.581683
8624, 157.321442, 15.603656
8629, 157.189606, 15.603656
8634, 157.255524, 15.537738
8639, 157.299469, 15.581683
8644, 157.277496, 15.603656
8649, 157.299469, 15.559711
8654, 157.299469, 15.581683
8709, 157.321442, 15.581683
8710, 157.277496, 15.559711
8710, 157.277496, 15.559711
8710, 157.255524, 15.581683
8710, 157.233551, 15.515767
8711, 157.233551, 15.581683
8718, 157.233551, 15.559711
8723, 157.255524, 15.559711
8728, 157.255524, 15.603656
8733, 157.321442, 15.603656
8738, 157.277496, 15.537738
8743, 157.277496, 15.559711
8748, 157.255524, 15.559711
8753, 157.277496, 15.537738
8757, 157.233551, 15.603656
8813, 157.255524, 15.537738
8813, 157.211578, 15.471822
8813, 157.233551, 15.559711
8818, 157.299469, 15.559711
8818, 157.299469, 15.559711
8818, 157.255524, 15.559711
8818, 157.299469, 15.581683
8822, 157.255524, 15.537738
8827, 157.277496, 15.603656
8832, 157.277496, 15.537738
8837, 157.233551, 15.559711
8842, 157.255524, 15.581683
8847, 157.343414, 15.515767
8851, 157.233551, 15.559711
8856, 157.299469, 15.559711
8861, 157.255524, 15.581683
8917, 157.211578, 15.581683
8917, 157.277496, 15.559711
8918, 157.277496, 15.603656
8918, 157.255524, 15.559711
8918, 157.299469, 15.559711
8922, 157.233551, 15.603656
8923, 157.211578, 15.581683
8926, 157.211578, 15.537738
8931, 157.299469, 15.581683
8935, 157.255524, 15.581683
8940, 157.189606, 15.471822
8945, 157.255524, 15.581683
8950, 157.211578, 15.625628
8955, 157.299469, 15.537738
8960, 157.233551, 15.559711
8965, 157.277496, 15.581683
9020, 157.299469, 15.581683
9021, 157.277496, 15.559711
9021, 157.233551, 15.471822
9021, 157.255524, 15.559711
9022, 157.233551, 15.581683
9022, 157.233551, 15.537738
9024, 157.277496, 15.581683
9029, 157.277496, 15.581683
9034, 157.299469, 15.559711
9039, 157.321442, 15.537738
9044, 157.321442, 15.559711
9049, 157.255524, 15.537738
9054, 157.277496, 15.603656
9059, 157.277496, 15.603656
9064, 157.299469, 15.581683
9069, 157.277496, 15.603656
9124, 157.299469, 15.559711
9125, 157.299469, 15.559711
9125, 157.299469, 15.603656
9125, 157.233551, 15.559711
9126, 157.255524, 15.581683
9126, 157.233551, 15.603656
9133, 157.255524, 15.559711
9138, 157.233551, 15.537738
9143, 157.299469, 15.581683
9148, 157.255524, 15.559711
9152, 157.233551, 15.537738
9158, 157.255524, 15.559711
9163, 157.299469, 15.537738
9168, 157.233551, 15.559711
9173, 157.255524, 15.537738
9228, 157.321442, 15.581683
9228, 157.211578, 15.559711
9228, 157.299469, 15.537738
9228, 157.277496, 15.559711
9229, 157.299469, 15.559711
9229, 157.211578, 15.559711
9231, 157.233551, 15.515767
9237, 157.255524, 15.537738
9242, 157.233551, 15.603656
9247, 157.277496, 15.559711
9251, 157.233551, 15.559711
9256, 157.299469, 15.559711
9261, 157.299469, 15.581683
9266, 157.167618, 15.559711
9271, 157.211578, 15.603656
9276, 157.277496, 15.537738
9331, 157.255524, 15.581683
9332, 157.299469, 15.559711
9332, 157.321442, 15.537738
9332, 157.211578, 15.537738
9333, 157.277496, 15.537738
9333, 157.255524, 15.581683
9335, 157.255524, 15.559711
9340, 157.189606, 15.559711
9345, 157.321442, 15.581683
9350, 157.299469, 15.559711
9355, 157.299469, 15.625628
9360, 157.299469, 15.581683
9365, 157.255524, 15.537738
9370, 157.277496, 15.559711
9374, 157.255524, 15.559711
9379, 157.233551, 15.625628
9435, 157.277496, 15.581683
9435, 157.321442, 15.581683
9436, 157.255524, 15.493794
9436, 157.277496, 15.515767
9436, 157.255524, 15.537738
9436, 157.299469, 15.581683
9439, 157.189606, 15.581683
9444, 157.211578, 15.581683
9448, 157.299469, 15.603656
9453, 157.277496, 15.603656
9458, 157.211578, 15.581683
9463, 157.255524, 15.581683
9468, 157.299469, 15.603656
9473, 157.299469, 15.471822
9478, 157.277496, 15.559711
9483, 157.255524, 15.537738
9539, 157.321442, 15.559711
9539, 157.233551, 15.515767
9543, 157.299469, 15.515767
9544, 157.277496, 15.559711
9544, 157.211578, 15.581683
9544, 157.277496, 15.559711
9544, 157.255524, 15.537738
9547, 157.233551, 15.515767
9552, 157.255524, 15.581683
9557, 157.299469, 15.559711
9562, 157.299469, 15.603656
9567, 157.321442, 15.559711
9572, 157.321442, 15.559711
9577, 157.299469, 15.559711
9582, 157.277496, 15.581683
9587, 157.299469, 15.603656
9642, 157.277496, 15.537738
9643, 157.189606, 15.559711
9643, 157.299469, 15.559711
9643, 157.343414, 15.581683
9648, 157.233551, 15.581683
9648, 157.277496, 15.537738
9648, 157.277496, 15.581683
9651, 157.277496, 15.537738
9656, 157.343414, 15.559711
9661, 157.277496, 15.603656
9666, 157.299469, 15.537738
9671, 157.233551, 15.559711
9676, 157.255524, 15.559711
9681, 157.255524, 15.559711
9685, 157.233551, 15.581683
9690, 157.277496, 15.581683
9746, 157.277496, 15.559711
9746, 157.277496, 15.581683
9747, 157.277496, 15.581683
9747, 157.321442, 15.537738
9747, 157.277496, 15.603656
9747, 157.299469, 15.559711
9752, 157.277496, 15.537738
9755, 157.299469, 15.537738
9760, 157.255524, 15.559711
9764, 157.233551, 15.515767
9769, 157.299469, 15.581683
9774, 157.277496, 15.581683
9779, 157.255524, 15.537738
9784, 157.167618, 15.603656
9789, 157.233551, 15.537738
9794, 157.233551, 15.559711
9850, 157.299469, 15.603656
9850, 157.233551, 15.471822
9850, 157.277496, 15.603656
9850, 157.233551, 15.625628
9851, 157.255524, 15.537738
9851, 157.277496, 15.559711
9853, 157.277496, 15.515767
9858, 157.277496, 15.581683
9863, 157.211578, 15.537738
9868, 157.299469, 15.559711
9873, 157.233551, 15.559711
9878, 157.277496, 15.515767
9883, 157.343414, 15.559711
9888, 157.211578, 15.581683
9893, 157.321442, 15.537738
9898, 157.255524, 15.581683
9953, 157.255524, 15.537738
9954, 157.255524, 15.581683
9954, 157.277496, 15.515767
9954, 157.255524, 15.581683
9955, 157.233551, 15.625628
9955, 157.299469, 15.537738
9957, 157.233551, 15.559711
9962, 157.277496, 15.559711
9967, 157.233551, 15.559711
9972, 157.277496, 15.559711
9977, 157.255524, 15.559711
9982, 157.233551, 15.537738
9987, 157.255524, 15.581683
9992, 157.255524, 15.515767
9997, 157.299469, 15.581683
10001, 157.321442, 15.537738
10057, 157.211578, 15.537738
10058, 157.255524, 15.559711
10058, 157.277496, 15.603656
10058, 157.255524, 15.603656
10058, 157.277496, 15.603656
10058, 157.255524, 15.581683
10061, 157.299469, 15.581683
10066, 157.299469, 15.515767
10071, 157.277496, 15.559711
10076, 157.277496, 15.581683
10081, 157.299469, 15.559711
10085, 157.277496, 15.537738
10090, 157.233551, 15.581683
10095, 157.233551, 15.603656
10100, 157.277496, 15.515767
10105, 157.255524, 15.581683
10161, 157.299469, 15.537738
10162, 157.255524, 15.559711
10162, 157.299469, 15.581683
10162, 157.321442, 15.515767
10162, 157.255524, 15.603656
10162, 157.343414, 15.581683
10164, 157.277496, 15.603656
10169, 157.299469, 15.515767
10174, 157.277496, 15.581683
10179, 157.255524, 15.471822
10184, 157.277496, 15.537738
10189, 157.255524, 15.515767
10194, 157.299469, 15.537738
10199, 157.299469, 15.603656
10204, 157.233551, 15.537738
10209, 157.233551, 15.559711
10265, 157.233551, 15.603656
10265, 157.277496, 15.515767
10265, 157.233551, 15.537738
10265, 157.255524, 15.559711
10266, 157.255524, 15.581683
10266, 157.233551, 15.625628
10268, 157.299469, 15.581683
10273, 157.299469, 15.647601
10278, 157.299469, 15.581683
10283, 157.277496, 15.559711
10288, 157.277496, 15.559711
10293, 157.277496, 15.581683
10298, 157.255524, 15.537738
10303, 157.255524, 15.559711
10308, 157.277496, 15.537738
10313, 157.211578, 15.581683
10368, 157.255524, 15.581683
10369, 157.277496, 15.559711
10369, 157.277496, 15.603656
10369, 157.277496, 15.603656
10369, 157.211578, 15.559711
10369, 157.211578, 15.537738
10372, 157.189606, 15.471822
10377, 157.299469, 15.559711
10382, 157.255524, 15.625628
10387, 157.255524, 15.625628
10392, 157.277496, 15.537738
10396, 157.299469, 15.559711
10401, 157.277496, 15.559711
10406, 157.277496, 15.537738
10411, 157.277496, 15.581683
10416, 157.233551, 15.581683
10472, 157.299469, 15.559711
10472, 157.277496, 15.581683
10477, 157.255524, 15.537738
10477, 157.321442, 15.537738
10477, 157.299469, 15.559711
10477, 157.233551, 15.537738
10481, 157.299469, 15.537738
10485, 157.299469, 15.581683
10490, 157.255524, 15.581683
10495, 157.211578, 15.537738
10500, 157.299469, 15.581683
10505, 157.255524, 15.559711
10510, 157.255524, 15.603656
10515, 157.299469, 15.537738
10520, 157.321442, 15.537738
10575, 157.255524, 15.537738
10576, 157.211578, 15.559711
10576, 157.255524, 15.559711
10576, 157.277496, 15.581683
10581, 157.277496, 15.515767
10581, 157.233551, 15.559711
10585, 157.255524, 15.559711
10589, 157.277496, 15.537738
10594, 157.233551, 15.603656
10599, 157.343414, 15.603656
10604, 157.277496, 15.493794
10609, 157.343414, 15.559711
10614, 157.211578, 15.559711
10619, 157.255524, 15.559711
10624, 157.211578, 15.625628
10679, 157.255524, 15.581683
10680, 157.167618, 15.515767
10680, 157.255524, 15.581683
10680, 157.255524, 15.559711
10680, 157.145660, 15.581683
10681, 157.255524, 15.537738
10688, 157.365387, 15.559711
10693, 157.299469, 15.581683
10698, 157.321442, 15.515767
10703, 157.321442, 15.581683
10708, 157.321442, 15.559711
10713, 157.299469, 15.537738
10718, 157.321442, 15.559711
10722, 157.299469, 15.515767
10727, 157.277496, 15.559711
10783, 157.255524, 15.537738
10784, 157.233551, 15.537738
10784, 157.233551, 15.603656
10784, 157.233551, 15.537738
10784, 157.277496, 15.515767
10785, 157.211578, 15.581683
10792, 157.255524, 15.581683
10797, 157.343414, 15.581683
10801, 157.255524, 15.603656
10806, 157.343414, 15.559711
10811, 157.321442, 15.559711
10816, 157.277496, 15.603656
10821, 157.321442, 15.581683
10826, 157.321442, 15.581683
10831, 157.299469, 15.559711
10887, 157.321442, 15.603656
10887, 157.321442, 15.559711
10887, 157.321442, 15.581683
10887, 157.233551, 15.537738
10888, 157.299469, 15.537738
10888, 157.277496, 15.537738
10895, 157.189606, 15.515767
10900, 157.277496, 15.581683
10905, 157.233551, 15.559711
10910, 157.299469, 15.559711
10915, 157.277496, 15.537738
10920, 157.167618, 15.537738
10925, 157.299469, 15.537738
10930, 157.299469, 15.537738
10935, 157.277496, 15.515767
10990, 157.233551, 15.515767
10991, 157.277496, 15.537738
10991, 157.299469, 15.471822
10992, 157.233551, 15.537738
10992, 157.255524, 15.515767
10992, 157.299469, 15.537738
10999, 157.365387, 15.515767
11004, 157.277496, 15.471822
11009, 157.299469, 15.449848
11014, 157.299469, 15.493794
11019, 157.277496, 15.537738
11024, 157.233551, 15.449848
11029, 157.277496, 15.449848
11034, 157.299469, 15.427876
11039, 157.299469, 15.405903
11094, 157.255524, 15.383930
11095, 157.299469, 15.427876
11095, 157.255524, 15.318012
11095, 157.277496, 15.296040
11095, 157.255524, 15.274067
11095, 157.277496, 15.252094
11103, 157.255524, 15.142231
11108, 157.233551, 15.076314
11113, 157.233551, 15.164204
11118, 157.255524, 15.164204
11123, 157.233551, 15.208149
11127, 157.123688, 15.098287
11132, 157.145660, 15.186176
11137, 157.233551, 15.164204
11142, 157.277496, 15.230122
11198, 157.233551, 15.274067
11198, 157.299469, 15.230122
11198, 157.189606, 15.230122
11203, 157.189606, 15.318012
11203, 157.233551, 15.361958
11203, 157.233551, 15.318012
11207, 157.277496, 15.405903
11211, 157.233551, 15.471822
11216, 157.255524, 15.493794
11221, 157.233551, 15.625628
11226, 157.255524, 15.713519
11231, 157.211578, 15.801411
11236, 157.211578, 15.845356
11241, 157.255524, 15.911274
11246, 157.233551, 15.955219
11302, 157.277496, 16.021137
11302, 157.255524, 16.065083
11303, 157.277496, 16.218891
11303, 157.255524, 16.416647
11303, 157.255524, 16.592426
11307, 157.299469, 16.680317
11311, 157.343414, 17.778950
11315, 157.343414, 17.998676
11320, 157.321442, 18.152485
11325, 157.343414, 18.284321
11330, 157.321442, 18.438129
11335, 157.299469, 18.591938
11340, 157.299469, 18.745749
11345, 157.343414, 18.965473
11350, 157.299469, 19.185200
11405, 157.299469, 19.295063
11406, 157.277496, 19.536762
11406, 157.343414, 19.756489
11406, 157.277496, 20.020163
11406, 157.255524, 20.195942
11407, 157.233551, 20.481586
11414, 157.255524, 22.107563
11419, 157.277496, 22.371237
11424, 157.277496, 22.656879
11429, 157.299469, 22.920553
11434, 157.255524, 23.184223
11439, 157.255524, 23.535788
11444, 157.255524, 23.733540
11449, 157.299469, 24.085104
11454, 157.277496, 24.436665
11509, 157.233551, 24.678366
11510, 157.299469, 25.051899
11510, 157.299469, 25.293600
11510, 157.299469, 25.601215
11511, 157.299469, 25.908834
11511, 157.255524, 26.128559
11518, 157.255524, 28.545551
11523, 157.277496, 28.963036
11528, 157.299469, 29.292622
11533, 157.321442, 29.732073
11538, 157.299469, 30.061665
11542, 157.255524, 30.369282
11548, 157.233551, 30.654926
11553, 157.255524, 31.006491
11557, 157.299469, 31.226217
11613, 157.255524, 31.599751
11613, 157.211578, 31.907370
11613, 157.167618, 32.236958
11613, 157.189606, 32.610493
11614, 157.211578, 32.962055
11614, 157.255524, 33.291645
11616, 157.255524, 35.159321
11622, 157.233551, 35.466938
11627, 157.233551, 35.840477
11632, 157.255524, 36.214012
11637, 157.299469, 36.499653
11642, 157.321442, 36.807266
11646, 157.299469, 37.136860
11651, 157.299469, 37.422504
11656, 157.321442, 37.730122
11661, 157.277496, 37.993793
11716, 157.321442, 38.323387
11717, 157.321442, 38.631004
11717, 157.299469, 38.916649
11718, 157.277496, 39.158340
11718, 157.299469, 39.465961
11718, 157.299469, 39.751606
11720, 157.277496, 42.783833
11726, 157.233551, 43.464989
11731, 157.343414, 44.168110
11735, 157.321442, 45.332661
11740, 157.277496, 46.233543
11745, 157.299469, 47.376118
11750, 157.365387, 48.518700
11755, 157.343414, 49.639301
11760, 157.365387, 50.825829
11765, 157.343414, 51.990376
11820, 157.365387, 53.023094
11821, 157.409332, 54.143696
11821, 157.431305, 55.154442
11821, 157.475250, 56.275043
11822, 157.431305, 57.483540
11822, 157.541168, 58.670063
11825, 157.651031, 65.042137
11830, 157.651031, 66.052872
11835, 157.585114, 66.997704
11840, 157.585114, 67.964493
11844, 157.563141, 69.085106
11849, 157.519196, 70.205704
11854, 157.541168, 71.260391
11859, 157.475250, 72.227196
11864, 157.409332, 73.215958
11869, 157.365387, 74.204735
11924, 157.233551, 75.149551
11929, 157.211578, 76.050430
11929, 157.123688, 76.907372
11930, 157.167618, 77.698380
11930, 157.123688, 78.467422
11930, 157.145660, 79.302391
11934, 157.123688, 84.180321
11938, 157.123688, 84.597801
11943, 157.189606, 85.059219
11948, 157.145660, 85.410782
11953, 157.123688, 85.696426
11958, 157.123688, 85.982079
11963, 157.167618, 86.223778
11968, 157.167618, 86.421532
11973, 157.101715, 86.553368
12028, 157.123688, 86.641258
12029, 157.189606, 86.685204
12029, 157.145660, 86.487450
12033, 157.167618, 86.355614
12034, 157.145660, 86.113914
12034, 157.101715, 85.718399
12034, 157.167618, 82.796036
12037, 157.101715, 82.268692
12042, 157.167618, 81.521629
12047, 157.101715, 80.796524
12052, 157.123688, 80.181290
12057, 157.145660, 79.522118
12062, 157.167618, 78.906883
12067, 157.123688, 78.313614
12072, 157.167618, 77.742325
12077, 157.167618, 77.105125
12132, 157.189606, 76.423973
12133, 157.211578, 75.654922
12133, 157.233551, 74.995743
12133, 157.277496, 74.358543
12134, 157.365387, 73.699364
12137, 157.475250, 73.106094
12141, 157.892715, 69.282860
12146, 158.024567, 68.711563
12151, 158.068497, 68.206192
12156, 158.156387, 67.744766
12161, 158.200348, 67.305321
12166, 158.266266, 67.019676
12171, 158.332169, 66.668114
12176, 158.442047, 66.294571
12181, 158.464020, 65.899063
12236, 158.507950, 65.503555
12237, 158.551910, 65.173973
12237, 158.529938, 64.778465
12237, 158.573883, 64.360985
12238, 158.617828, 63.943501
12238, 158.595840, 63.591938
12240, 158.529938, 58.428368
12245, 158.551910, 57.373676
12250, 158.442047, 56.165180
12255, 158.398102, 54.890766
12260, 158.376129, 53.572411
12265, 158.376129, 52.276020
12270, 158.376129, 50.869774
12275, 158.376129, 49.529438
12280, 158.310211, 48.189110
12285, 158.266266, 46.848774
12340, 158.244278, 45.640282
12341, 158.266266, 44.409809
12341, 158.200348, 43.069481
12341, 158.244278, 41.860981
12341, 158.178375, 40.630512
12342, 158.266266, 39.312153
12349, 158.376129, 30.610981
12354, 158.420059, 29.468403
12359, 158.507950, 28.215961
12364, 158.507950, 26.941547
12369, 158.595840, 25.733051
12374, 158.551910, 24.612446
12379, 158.529938, 23.403950
12384, 158.529938, 22.305319
12389, 158.595840, 21.184713
12444, 158.595840, 20.086079
12445, 158.573883, 19.053364
12445, 158.551910, 18.218403
12445, 158.661774, 17.471334
12446, 158.595840, 16.943989
12446, 158.529938, 16.482563
12453, 158.727692, 16.284811
12458, 158.727692, 16.438618
12463, 158.749664, 16.768208
12468, 158.771622, 16.922016
12473, 158.815582, 17.251606
12478, 158.881500, 17.515280
12482, 158.815582, 17.756977
12488, 158.903473, 18.064594
12492, 158.969391, 18.372211
12548, 158.969391, 18.679831
12548, 159.013336, 18.921528
12549, 158.969391, 19.229145
12549, 158.859512, 19.448872
12549, 158.925446, 19.866354
12549, 158.837555, 20.195942
12551, 158.749664, 27.095358
12557, 158.705719, 28.435690
12562, 158.727692, 29.644186
12567, 158.705719, 30.852682
12572, 158.683731, 32.039204
12577, 158.617828, 33.555321
12581, 158.683731, 34.807758
12586, 158.705719, 36.038231
12591, 158.683731, 37.312641
12596, 158.573883, 38.587059
12652, 158.661774, 39.751606
12652, 158.661774, 40.850243
12652, 158.727692, 42.036762
12653, 158.639801, 43.091454
12653, 158.705719, 44.343891
12653, 158.705719, 45.640282
12655, 158.837555, 52.583637
12661, 158.925446, 53.616356
12666, 158.793610, 54.693012
12671, 158.859512, 55.769676
12675, 158.771622, 57.000141
12680, 158.793610, 58.252586
12685, 158.793610, 59.395161
12690, 158.749664, 60.493797
12695, 158.639801, 61.614399
12700, 158.661774, 62.625145
12756, 158.639801, 63.657856
12756, 158.639801, 64.690575
12756, 158.595840, 65.613419
12756, 158.683731, 66.712059
12756, 158.529938, 67.788712
12757, 158.617828, 68.909325
12759, 158.617828, 75.457169
12764, 158.551910, 76.336082
12769, 158.551910, 77.324852
12774, 158.573883, 78.247696
12779, 158.617828, 79.346336
12784, 158.595840, 80.488907
12789, 158.617828, 81.631493
12794, 158.573883, 82.839981
12799, 158.551910, 83.872704
12804, 158.573883, 84.905411
12860, 158.617828, 85.982079
12860, 158.617828, 87.014793
12863, 158.661774, 88.025528
12863, 158.639801, 88.992332
12864, 158.617828, 90.047012
12864, 158.639801, 91.167625
12864, 158.661774, 97.957176
12868, 158.793610, 99.011864
12873, 158.793610, 100.176407
12878, 158.859512, 101.231102
12883, 158.903473, 102.351700
12888, 158.903473, 103.384422
12893, 158.881500, 104.570938
12898, 158.859512, 105.757469
12903, 158.837555, 106.922012
12908, 158.881500, 108.130516
12964, 158.859512, 109.185196
12964, 158.903473, 110.261864
12964, 158.947403, 111.316551
12967, 158.881500, 112.349266
12968, 158.903473, 113.513817
12968, 158.881500, 114.634422
12972, 158.771622, 122.390778
12977, 158.705719, 123.423485
12982, 158.727692, 124.500153
12987, 158.727692, 125.620758
12992, 158.683731, 126.697411
12997, 158.727692, 127.686180
13002, 158.683731, 128.828766
13007, 158.683731, 129.949356
13012, 158.595840, 130.938141
13068, 158.595840, 131.992828
13068, 158.639801, 133.091461
13069, 158.595840, 133.992340
13069, 158.661774, 134.871231
13069, 158.617828, 135.794098
13072, 158.639801, 136.716949
13076, 158.639801, 141.528961
13081, 158.617828, 141.880508
13086, 158.595840, 142.210114
13091, 158.595840, 142.429840
13096, 158.639801, 142.473785
13101, 158.639801, 142.517731
13106, 158.595840, 142.517731
13111, 158.573883, 142.473785
13116, 158.573883, 142.451797
13171, 158.595840, 142.276016
13172, 158.507950, 141.748688
13172, 158.310211, 140.957672
13172, 158.266266, 139.968887
13173, 158.134430, 138.716461
13173, 158.024567, 137.442032
13180, 156.310699, 125.488922
13185, 156.112930, 123.489410
13190, 155.915192, 121.467918
13195, 155.673477, 119.292625
13200, 155.409821, 117.073387
13205, 155.190094, 114.985992
13210, 155.014313, 112.920555
13215, 154.728668, 110.789207
13220, 154.464996, 108.569969
13275, 154.245255, 106.460594
13276, 153.981583, 104.241348
13276, 153.630020, 102.197891
13277, 153.564117, 100.198387
13277, 153.256500, 98.286766
13277, 153.124664, 96.243309
13284, 152.267731, 84.004539
13289, 152.223785, 82.466446
13294, 152.135895, 81.038231
13299, 152.113907, 79.653954
13304, 152.201797, 78.401505
13309, 152.509430, 76.951317
13314, 152.707184, 75.676895
13319, 152.882965, 74.380516
13323, 152.970856, 73.479630
13379, 153.014786, 72.468895
13379, 153.124664, 71.502098
13379, 153.256500, 70.601212
13380, 153.366348, 69.722313
13380, 153.564117, 69.019188
13380, 153.608063, 68.250137
13383, 154.157364, 61.724262
13388, 154.179352, 60.361961
13393, 154.179352, 59.021626
13398, 154.223297, 57.791161
13403, 154.091461, 56.516743
13408, 154.047516, 55.220360
13412, 153.937653, 54.143696
13417, 153.871735, 52.891258
13422, 153.915680, 51.485004
13427, 153.783844, 50.342430
13483, 153.783844, 49.024067
13484, 153.761871, 47.859516
13484, 153.783844, 46.738911
13484, 153.805801, 45.596336
13484, 153.805801, 44.453754
13485, 153.783844, 43.289207
13492, 153.893692, 37.268696
13497, 154.025543, 36.631489
13502, 154.267242, 36.170067
13507, 154.399078, 35.598774
13512, 154.508926, 35.335102
13516, 154.662750, 34.917622
13521, 154.706696, 34.675922
13526, 154.728668, 34.346333
13531, 154.772598, 34.170551
13587, 154.860504, 33.928852
13587, 154.948395, 33.753075
13587, 155.080231, 33.533348
13588, 155.168121, 33.357563
13588, 155.299957, 33.181782
13588, 155.409821, 33.159809
13591, 156.156891, 33.972797
13596, 156.200821, 34.280415
13601, 156.398590, 34.522114
13606, 156.508453, 34.895649
13611, 156.596344, 35.291157
13615, 156.640274, 35.752583
13620, 156.816055, 36.235985
13625, 156.903946, 36.609516
13630, 156.947906, 37.048969
13635, 156.969879, 37.532368
13691, 157.035797, 38.015766
13694, 157.079727, 38.521141
13694, 157.123688, 38.960594
13695, 157.123688, 39.443989
13695, 157.123688, 39.883442
13695, 157.167618, 40.322895
13700, 157.057770, 42.783833
13705, 157.123688, 42.915668
13710, 157.079727, 42.981586
13714, 157.035797, 43.179344
13719, 156.991837, 43.289207
13724, 156.947906, 43.355125
13729, 156.750153, 43.399071
13734, 156.684235, 43.443016
13739, 156.728165, 43.464989
13794, 156.706207, 43.421043
13795, 156.706207, 43.421043
13795, 156.706207, 43.355125
13798, 156.640274, 43.333153
13798, 156.662262, 43.201317
13799, 156.662262, 43.223289
13799, 156.618317, 43.135399
13803, 156.662262, 43.113426
13808, 156.662262, 43.201317
13813, 156.640274, 43.113426
13818, 156.662262, 43.113426
13823, 156.574371, 43.157372
13828, 156.552383, 43.113426
13833, 156.596344, 43.069481
13838, 156.596344, 43.135399
13843, 156.684235, 43.069481
13898, 156.618317, 43.113426
13899, 156.618317, 43.091454
13899, 156.662262, 43.091454
13899, 156.574371, 43.135399
13899, 156.662262, 43.047504
13902, 156.596344, 43.091454
13903, 156.596344, 43.069481
13907, 156.640274, 43.069481
13912, 156.662262, 43.135399
13917, 156.640274, 43.113426
13922, 156.596344, 43.091454
13927, 156.618317, 43.091454
13932, 156.684235, 43.025532
13937, 156.640274, 43.047504
13942, 156.640274, 43.047504
13947, 156.596344, 42.959614
14002, 156.618317, 43.003559
14003, 156.596344, 42.981586
14003, 156.596344, 42.937641
14004, 156.662262, 42.937641
14004, 156.596344, 43.003559
14004, 156.574371, 42.893696
14006, 156.662262, 42.937641
14010, 156.618317, 42.959614
14016, 156.596344, 42.959614
14021, 156.596344, 42.937641
14026, 156.574371, 42.871723
14031, 156.596344, 42.937641
14036, 156.596344, 43.003559
14041, 156.640274, 42.915668
14045, 156.684235, 42.893696
14050, 156.794098, 42.981586
14106, 156.860016, 42.915668
14106, 156.903946, 42.871723
14106, 156.925934, 42.915668
14106, 157.035797, 42.871723
14107, 157.101715, 42.959614
14107, 157.123688, 42.981586
14109, 157.211578, 42.959614
14114, 157.233551, 42.937641
14119, 157.233551, 42.981586
14124, 157.211578, 42.915668
14129, 157.233551, 42.893696
14134, 157.233551, 42.959614
14139, 157.299469, 42.915668
14144, 157.255524, 42.937641
14149, 157.233551, 42.981586
14154, 157.255524, 42.981586
14209, 157.277496, 42.959614
14210, 157.211578, 42.981586
14210, 157.233551, 43.003559
14210, 157.211578, 43.003559
14210, 157.233551, 43.025532
14211, 157.233551, 42.981586
14213, 157.211578, 43.113426
14218, 157.255524, 43.179344
14223, 157.211578, 43.179344
14228, 157.211578, 43.179344
14233, 157.189606, 43.201317
14238, 157.189606, 43.157372
14243, 157.211578, 43.179344
14247, 157.189606, 43.289207
14252, 157.233551, 43.245262
14257, 157.145660, 43.267235
14313, 157.211578, 43.245262
14313, 157.233551, 43.179344
14313, 157.189606, 43.223289
14314, 157.255524, 43.245262
14314, 157.255524, 43.179344
14314, 157.189606, 43.135399
14317, 157.233551, 43.157372
14322, 157.145660, 43.157372
14327, 157.189606, 43.179344
14331, 157.233551, 43.179344
14336, 157.189606, 43.201317
14341, 157.167618, 43.135399
14346, 157.123688, 43.179344
14351, 157.145660, 43.201317
14356, 157.167618, 43.201317
14361, 157.101715, 43.179344
14417, 157.189606, 43.179344
14417, 157.145660, 43.157372
14417, 157.123688, 43.179344
14417, 157.145660, 43.179344
14418, 157.189606, 43.223289
14418, 157.211578, 43.223289
14420, 157.123688, 43.179344
14425, 157.123688, 43.201317
14430, 157.101715, 43.179344
14435, 157.123688, 43.201317
14440, 157.123688, 43.135399
14445, 157.145660, 43.135399
14450, 157.057770, 43.135399
14455, 157.079727, 43.135399
14460, 157.079727, 43.091454
14465, 157.035797, 43.135399
14520, 157.013824, 43.135399
14521, 156.969879, 43.091454
14521, 157.013824, 43.135399
14522, 156.969879, 43.025532
14522, 156.903946, 43.069481
14522, 156.947906, 43.113426
14524, 156.881989, 43.091454
14529, 156.838043, 43.047504
14534, 156.903946, 43.113426
14539, 156.881989, 43.113426
14544, 156.925934, 43.091454
14549, 156.860016, 43.113426
14554, 156.925934, 43.157372
14559, 156.838043, 43.135399
14564, 156.860016, 43.135399
14569, 156.838043, 43.025532
14624, 156.794098, 43.113426
14625, 156.728165, 43.135399
14625, 156.794098, 43.091454
14625, 156.772125, 43.091454
14625, 156.728165, 43.113426
14625, 156.728165, 43.135399
14628, 156.750153, 43.223289
14633, 156.728165, 43.223289
14638, 156.750153, 43.223289
14643, 156.684235, 43.201317
14648, 156.728165, 43.179344
14653, 156.772125, 43.179344
14658, 156.750153, 43.157372
14662, 156.881989, 43.135399
14667, 156.925934, 43.091454
14672, 156.947906, 43.069481
14728, 157.035797, 43.025532
14728, 157.079727, 43.003559
14729, 157.101715, 43.003559
14729, 157.123688, 42.959614
14729, 157.211578, 42.981586
14729, 157.167618, 42.981586
14732, 157.255524, 42.827778
14737, 157.255524, 42.871723
14742, 157.211578, 42.871723
14746, 157.255524, 42.805805
14751, 157.277496, 42.783833
14756, 157.233551, 42.717915
14761, 157.233551, 42.651997
14766, 157.167618, 42.498188
14771, 157.167618, 42.344379
14776, 157.189606, 42.322407
14832, 157.145660, 42.190571
14832, 157.167618, 42.058735
14835, 157.167618, 41.970844
14835, 157.145660, 41.882954
14836, 157.189606, 41.729145
14836, 157.277496, 41.597305
14836, 157.167618, 40.630512
14840, 157.101715, 40.498676
14845, 157.167618, 40.344868
14850, 157.145660, 40.191059
14855, 157.123688, 40.081196
14860, 157.101715, 39.927387
14865, 157.189606, 39.729633
14870, 157.145660, 39.575825
14875, 157.079727, 39.290176
14880, 157.189606, 39.180313
14935, 157.079727, 39.070457
14936, 157.145660, 38.894676
14936, 157.079727, 38.674950
14936, 157.167618, 38.521141
14939, 157.145660, 38.323387
14939, 157.189606, 38.059711
14940, 157.211578, 36.631489
14944, 157.211578, 36.345844
14949, 157.101715, 36.082176
14954, 157.101715, 35.796528
14959, 157.167618, 35.466938
14964, 157.167618, 35.159321
14969, 157.211578, 34.873676
14974, 157.123688, 34.544086
14979, 157.233551, 34.324360
14984, 157.123688, 33.950825
15039, 157.123688, 33.577293
15040, 157.145660, 33.291645
15040, 157.167618, 32.874165
15040, 157.145660, 32.478657
15040, 157.167618, 31.973288
15043, 157.167618, 31.555805
15044, 157.189606, 29.204731
15048, 157.233551, 28.897116
15053, 157.167618, 28.413717
15058, 157.167618, 27.996235
15063, 157.189606, 27.578754
15068, 157.189606, 27.095358
15073, 157.255524, 26.633930
15077, 157.233551, 26.150532
15082, 157.189606, 25.711079
15087, 157.189606, 25.249653
15143, 157.233551, 24.788229
15143, 157.277496, 24.238911
15143, 157.233551, 23.777485
15144, 157.167618, 23.338032
15144, 157.167618, 22.898581
15144, 157.189606, 22.393208
15147, 157.123688, 19.558735
15152, 157.145660, 19.031391
15157, 157.167618, 18.504047
15161, 157.101715, 18.130512
15166, 157.189606, 17.735004
15171, 157.145660, 17.339497
15176, 157.189606, 16.878071
15181, 157.167618, 16.526508
15186, 157.189606, 16.218891
15191, 157.079727, 15.669574
15247, 157.145660, 15.339985
15247, 157.123688, 14.922505
15247, 157.167618, 14.461078
15247, 157.145660, 14.087543
15248, 157.101715, 13.670064
15248, 157.101715, 13.296528
15250, 157.101715, 11.187153
15255, 157.079727, 10.857563
15260, 157.167618, 10.527973
15265, 157.145660, 10.220356
15270, 157.079727, 9.956684
15275, 157.101715, 9.583149
15280, 157.101715, 9.385395
15285, 157.167618, 9.011860
15290, 157.079727, 8.704243
15295, 157.079727, 8.418598
15350, 157.035797, 7.979146
15351, 157.057770, 7.759433
15351, 156.991837, 7.429835
15351, 157.013824, 7.034312
15352, 156.991837, 6.660783
15352, 156.969879, 6.331185
15354, 156.838043, 4.924959
15359, 156.838043, 4.705218
15364, 156.816055, 4.441545
15369, 156.860016, 4.287729
15374, 156.816055, 3.980125
15379, 156.860016, 3.738418
15384, 156.881989, 3.496712
15389, 156.881989, 3.255032
15394, 156.903946, 2.969394
15399, 156.947906, 2.771619
15454, 156.947906, 2.442049
15455, 157.013824, 2.200342
15455, 157.035797, 2.002594
15455, 157.101715, 1.694963
15455, 157.123688, 1.475249
15456, 157.123688, 1.233542
15458, 157.211578, 0.047029
15463, 157.255524, 359.893219
15468, 157.167618, 359.717438
15473, 157.233551, 359.475739
15478, 157.233551, 359.409790
15483, 157.189606, 359.299957
15488, 157.255524, 359.168121
15492, 157.167618, 358.970337
15497, 157.211578, 358.882446
15502, 157.211578, 358.750641
15558, 157.167618, 358.640778
15559, 157.211578, 358.442993
15559, 157.189606, 358.377106
15559, 157.211578, 358.289215
15559, 157.167618, 358.267242
15559, 157.189606, 358.223297
15562, 157.145660, 358.245239
15567, 157.167618, 358.223297
15571, 157.189606, 358.223297
15576, 157.255524, 358.245239
15581, 157.167618, 358.245239
15586, 157.145660, 358.399078
15591, 157.145660, 358.333130
15596, 157.123688, 358.508911
15601, 157.123688, 358.574860
15606, 157.123688, 358.574860
15662, 157.123688, 358.750641
15662, 157.123688, 358.728668
15662, 157.123688, 358.794556
15663, 157.167618, 358.904449
15663, 157.079727, 359.036285
15663, 157.145660, 359.190094
15670, 157.145660, 0.398593
15675, 157.167618, 0.618306
15680, 157.233551, 0.816054
15685, 157.233551, 1.079726
15690, 157.189606, 1.387358
15695, 157.145660, 1.563140
15700, 157.211578, 1.826812
15705, 157.211578, 2.090485
15710, 157.167618, 2.420055
15765, 157.211578, 2.727687
15769, 157.189606, 2.969394
15769, 157.145660, 3.233039
15769, 157.255524, 3.606596
15769, 157.145660, 4.002091
15770, 157.167618, 4.331688
15774, 157.189606, 6.858531
15779, 157.167618, 7.276020
15784, 157.211578, 7.715474
15789, 157.145660, 8.132954
15794, 157.167618, 8.550434
15799, 157.167618, 8.880024
15804, 157.189606, 9.451314
15809, 157.211578, 9.868793
15813, 157.211578, 10.308247
15869, 157.233551, 10.725727
15869, 157.167618, 11.187153
15869, 157.167618, 11.670551
15870, 157.211578, 12.241840
15873, 157.167618, 12.681293
15873, 157.167618, 13.164692
15878, 157.211578, 16.372702
15883, 157.189606, 16.922016
15888, 157.167618, 17.427387
15892, 157.189606, 17.888813
15897, 157.255524, 18.306293
15902, 157.211578, 18.657858
15907, 157.211578, 19.097309
15912, 157.167618, 19.448872
15917, 157.123688, 19.822407
15973, 157.189606, 20.305805
15973, 157.189606, 20.789204
15974, 157.167618, 21.404438
15974, 157.167618, 22.107563
15974, 157.145660, 22.898581
15974, 157.189606, 23.821430
15982, 157.277496, 31.687641
15986, 157.233551, 33.093891
15991, 157.255524, 34.302387
15996, 157.255524, 35.488911
16001, 157.321442, 36.631489
16006, 157.277496, 37.905903
16011, 157.255524, 39.158340
16016, 157.255524, 40.213032
16021, 157.233551, 41.399559
16077, 157.277496, 42.432270
16077, 157.211578, 43.574852
16077, 157.189606, 44.717426
16077, 157.167618, 46.035789
16078, 157.167618, 47.156391
16078, 157.233551, 48.298973
16086, 157.079727, 55.703758
16090, 157.101715, 56.846333
16095, 157.101715, 57.922997
16100, 157.079727, 58.977680
16105, 157.079727, 59.988426
16110, 157.035797, 60.845360
16115, 156.838043, 61.790180
16120, 156.816055, 62.603172
16125, 156.816055, 63.438129
16181, 156.772125, 64.163231
16181, 156.728165, 64.844383
16181, 156.684235, 65.481583
16182, 156.794098, 66.008926
16182, 156.728165, 66.668114
16182, 156.706207, 67.217430
16190, 156.816055, 70.315567
16194, 156.881989, 70.645157
16199, 156.947906, 70.755020
16204, 156.991837, 70.908829
16209, 157.013824, 71.040665
16214, 157.079727, 71.128555
16219, 157.057770, 71.150528
16224, 157.167618, 71.106583
16229, 157.167618, 71.194473
16285, 157.167618, 71.128555
16285, 157.189606, 70.974747
16286, 157.255524, 70.755020
16286, 157.233551, 70.513321
16286, 157.211578, 70.051903
16286, 157.211578, 69.634422
16293, 157.123688, 65.745255
16298, 157.123688, 65.152000
16303, 157.145660, 64.646629
16308, 157.123688, 64.075340
16313, 157.123688, 63.372215
16318, 157.123688, 62.713036
16323, 157.189606, 62.053852
16328, 157.057770, 61.460590
16333, 157.167618, 60.845360
16388, 157.233551, 60.252098
16389, 157.167618, 59.636860
16389, 157.189606, 59.109516
16389, 157.233551, 58.582172
16389, 157.189606, 57.966942
16390, 157.233551, 57.527489
16397, 157.255524, 53.594383
16402, 157.255524, 53.089012
16407, 157.299469, 52.605610
16412, 157.233551, 52.034321
16417, 157.233551, 51.419086
16422, 157.211578, 50.847801
16427, 157.233551, 50.232563
16432, 157.255524, 49.639301
16437, 157.233551, 49.089985
16492, 157.233551, 48.386864
16492, 157.189606, 47.793598
16496, 157.189606, 47.178364
16496, 157.167618, 46.607075
16496, 157.167618, 46.035789
16496, 157.189606, 45.332661
16501, 157.123688, 37.290668
16506, 157.123688, 36.060204
16511, 157.101715, 34.829731
16516, 157.145660, 33.511375
16521, 157.079727, 32.193012
16526, 157.101715, 30.874655
16531, 157.079727, 29.534323
16536, 157.057770, 28.128071
16540, 157.123688, 26.765766
16596, 157.145660, 25.403461
16597, 157.167618, 24.172995
16597, 157.101715, 22.744770
16597, 157.145660, 21.448383
16597, 157.167618, 20.130024
16600, 157.101715, 18.767721
16605, 157.277496, 11.099262
16610, 157.255524, 10.176411
16615, 157.321442, 9.385395
16620, 157.365387, 8.616352
16625, 157.299469, 7.825331
16630, 157.431305, 7.034312
16634, 157.387360, 6.221329
16639, 157.321442, 5.518202
16644, 157.299469, 4.946925
16700, 157.343414, 4.441545
16700, 157.277496, 3.826309
16700, 157.299469, 3.123182
16701, 157.211578, 2.529939
16701, 157.277496, 1.980601
16701, 157.255524, 1.431290
16709, 157.145660, 358.816559
16713, 157.189606, 358.574860
16718, 157.167618, 358.355103
16723, 157.145660, 358.157349
16728, 157.123688, 357.959625
16733, 157.057770, 357.761871
16738, 157.035797, 357.498199
16743, 156.925934, 357.410309
16748, 156.860016, 357.278442
16804, 156.838043, 357.300446
16804, 156.881989, 357.212555
16805, 156.772125, 357.278442
16805, 156.750153, 357.278442
16805, 156.794098, 357.278442
16805, 156.772125, 357.300446
16812, 156.860016, 357.366333
16817, 156.903946, 357.388336
16822, 156.860016, 357.322418
16827, 156.881989, 357.410309
16832, 156.947906, 357.432281
16837, 156.903946, 357.388336
16842, 157.013824, 357.432281
16847, 157.013824, 357.454224
16852, 157.013824, 357.432281
16907, 156.947906, 357.498199
16908, 156.991837, 357.542114
16908, 157.101715, 357.498199
16908, 157.101715, 357.520172
16909, 157.211578, 357.586090
16909, 157.167618, 357.520172
16916, 157.299469, 357.739899
16921, 157.277496, 357.717896
16926, 157.277496, 357.695953
16931, 157.299469, 357.717896
16936, 157.233551, 357.805786
16941, 157.299469, 357.717896
16946, 157.299469, 357.805786
16951, 157.299469, 357.827789
16955, 157.299469, 357.827789
17011, 157.233551, 357.849762
17012, 157.211578, 357.849762
17012, 157.167618, 357.915680
17012, 157.167618, 357.893677
17012, 157.211578, 357.937653
17013, 157.167618, 358.003571
17020, 157.145660, 358.684692
17025, 157.189606, 358.772583
17030, 157.167618, 358.992340
17034, 157.211578, 359.234009
17039, 157.211578, 359.497681
17044, 157.145660, 359.783356
17049, 157.211578, 0.003070
17054, 157.233551, 0.288708
17059, 157.211578, 0.596340
17115, 157.255524, 0.925910
17115, 157.255524, 1.211576
17115, 157.233551, 1.497215
17115, 157.189606, 1.826812
17116, 157.233551, 2.200342
17116, 157.189606, 2.485980
17123, 157.233551, 5.342420
17128, 157.255524, 5.693984
17133, 157.233551, 6.089506
17138, 157.233551, 6.550926
17143, 157.211578, 6.880524
17148, 157.189606, 7.254054
17153, 157.167618, 7.737440
17158, 157.189606, 8.154926
17163, 157.211578, 8.550434
17218, 157.211578, 9.011860
17219, 157.233551, 9.451314
17222, 157.211578, 9.890766
17222, 157.233551, 10.220356
17222, 157.189606, 10.769672
17223, 157.255524, 11.187153
17227, 157.211578, 14.131489
17232, 157.255524, 14.548969
17237, 157.189606, 14.900533
17242, 157.189606, 15.318012
17247, 157.189606, 15.713519
17252, 157.211578, 16.196918
17257, 157.189606, 16.636372
17262, 157.167618, 17.031879
17267, 157.277496, 17.493307
17322, 157.211578, 17.844868
17323, 157.233551, 18.284321
17323, 157.255524, 18.613911
17323, 157.211578, 18.899555
17324, 157.255524, 19.273090
17327, 157.255524, 19.602680
17331, 157.211578, 23.887348
17336, 157.255524, 24.964008
17341, 157.233551, 26.194477
17346, 157.233551, 27.381001
17351, 157.255524, 28.611469
17356, 157.255524, 29.710100
17361, 157.277496, 30.786764
17366, 157.277496, 31.929342
17371, 157.299469, 33.423481
17426, 157.299469, 34.610004
17426, 157.321442, 35.796528
17427, 157.277496, 37.114887
17427, 157.299469, 38.235493
17427, 157.255524, 39.465961
17427, 157.255524, 40.696434
17435, 157.233551, 48.958149
17440, 157.233551, 50.166645
17445, 157.189606, 51.331192
17450, 157.233551, 52.363911
17455, 157.167618, 53.484520
17460, 157.189606, 54.517231
17465, 157.189606, 55.571922
17470, 157.167618, 56.648579
17525, 157.189606, 57.835106
17526, 157.189606, 58.977680
17526, 157.123688, 59.988426
17526, 157.035797, 60.999165
17527, 157.013824, 62.009907
17527, 156.881989, 62.954735
17534, 156.750153, 68.689590
17539, 156.706207, 69.612450
17544, 156.772125, 70.425430
17549, 156.772125, 71.216446
17554, 156.728165, 71.875633
17559, 156.772125, 72.534805
17564, 156.794098, 73.303848
17569, 156.772125, 73.897118
17574, 156.772125, 74.490379
17629, 156.728165, 75.171524
17630, 156.772125, 75.720840
17631, 156.750153, 76.336082
17631, 156.750153, 76.797508
17631, 156.794098, 77.368797
17631, 156.881989, 77.896133
17638, 157.299469, 81.653465
17643, 157.409332, 82.246727
17648, 157.365387, 82.664200
17653, 157.299469, 83.169571
17658, 157.387360, 83.587059
17663, 157.299469, 84.026512
17668, 157.365387, 84.509911
17673, 157.343414, 84.905411
17678, 157.343414, 85.322891
17733, 157.277496, 85.740379
17733, 157.343414, 86.091942
17734, 157.299469, 86.531395
17734, 157.299469, 86.817039
17735, 157.299469, 87.234512
17735, 157.255524, 87.630020
17742, 157.299469, 90.090958
17747, 157.211578, 90.398575
17752, 157.233551, 90.772118
17757, 157.255524, 91.145653
17762, 157.211578, 91.585106
17767, 157.255524, 91.936668
17772, 157.211578, 92.354141
17777, 157.211578, 92.727676
17782, 157.233551, 93.101219
17837, 157.233551, 93.408836
17837, 157.211578, 93.804344
17841, 157.255524, 94.046043
17841, 157.233551, 94.353661
17841, 157.211578, 94.573380
17841, 157.211578, 94.771133
17846, 157.277496, 94.551407
17851, 157.255524, 94.309715
17856, 157.167618, 94.002098
17861, 157.189606, 93.584618
17866, 157.167618, 93.101219
17871, 157.211578, 92.705704
17875, 157.255524, 92.288223
17880, 157.211578, 91.826805
17885, 157.189606, 91.387352
17941, 157.145660, 90.903954
17941, 157.123688, 90.354630
17941, 157.189606, 89.783340
17942, 157.211578, 89.234032
17945, 157.211578, 88.552879
17945, 157.167618, 87.871719
17950, 157.277496, 82.312637
17954, 157.321442, 81.411766
17959, 157.277496, 80.466934
17964, 157.365387, 79.653954
17969, 157.343414, 78.818993
17974, 157.321442, 78.049942
17979, 157.343414, 77.149071
17984, 157.321442, 76.292137
17989, 157.343414, 75.347305
18045, 157.321442, 74.380516
18045, 157.321442, 73.391739
18045, 157.255524, 72.468895
18046, 157.321442, 71.502098
18046, 157.255524, 70.535294
18046, 157.211578, 69.612450
18053, 157.299469, 63.174461
18058, 157.299469, 62.229633
18063, 157.255524, 61.262836
18068, 157.211578, 60.339989
18073, 157.233551, 59.373188
18078, 157.211578, 58.098778
18083, 157.233551, 56.758442
18088, 157.211578, 55.286278
18093, 157.189606, 53.880024
18149, 157.211578, 52.561665
18149, 157.211578, 51.265274
18149, 157.255524, 49.837055
18150, 157.255524, 48.430809
18150, 157.189606, 47.156391
18150, 157.233551, 45.816063
18157, 157.255524, 36.499653
18162, 157.233551, 35.137348
18167, 157.167618, 33.709129
18172, 157.277496, 32.478657
18177, 157.233551, 31.160299
18182, 157.211578, 29.951799
18187, 157.277496, 28.677389
18192, 157.277496, 27.139303
18197, 157.299469, 25.842915
18253, 157.233551, 24.480610
18253, 157.255524, 23.140278
18253, 157.277496, 21.799946
18254, 157.299469, 20.503559
18254, 157.321442, 19.207172
18254, 157.299469, 17.998676
18261, 157.343414, 11.758442
18266, 157.321442, 11.077290
18271, 157.343414, 10.440083
18276, 157.365387, 9.890766
18281, 157.343414, 9.429340
18286, 157.255524, 8.880024
18291, 157.321442, 8.484516
18296, 157.277496, 8.110981
18301, 157.277496, 7.825331
18356, 157.299469, 7.539692
18357, 157.343414, 7.363910
18357, 157.277496, 7.078271
18358, 157.299469, 6.968415
18358, 157.299469, 6.792633
18358, 157.277496, 6.792633
18365, 157.211578, 6.726708
18370, 157.167618, 6.814599
18375, 157.189606, 6.836565
18380, 157.167618, 6.858531
18385, 157.189606, 6.968415
18390, 157.189606, 6.946422
18395, 157.123688, 6.990381
18400, 157.123688, 6.990381
18405, 156.991837, 7.034312
18460, 156.947906, 6.968415
18464, 156.903946, 6.946422
18464, 156.816055, 7.056305
18464, 156.816055, 6.968415
18464, 156.816055, 7.012346
18465, 156.750153, 6.990381
18469, 156.794098, 7.012346
18474, 156.750153, 7.034312
18479, 156.706207, 6.968415
18484, 156.728165, 6.946422
18489, 156.772125, 6.968415
18494, 156.728165, 6.968415
18499, 156.750153, 6.946422
18503, 156.750153, 6.990381
18508, 156.728165, 6.924456
18564, 156.772125, 6.990381
18564, 156.772125, 6.990381
18564, 156.794098, 6.968415
18565, 156.750153, 6.968415
18568, 156.728165, 6.924456
18568, 156.772125, 6.946422
18573, 156.881989, 6.968415
18578, 156.969879, 6.968415
18583, 156.947906, 6.946422
18587, 156.991837, 6.880524
18592, 156.991837, 6.902490
18597, 156.991837, 6.880524
18602, 156.991837, 6.946422
18607, 157.123688, 6.880524
18612, 157.145660, 6.968415
18668, 157.145660, 6.946422
18668, 157.167618, 6.946422
18668, 157.167618, 6.924456
18669, 157.189606, 6.902490
18669, 157.145660, 6.946422
18669, 157.167618, 6.968415
18676, 157.233551, 6.990381
18681, 157.145660, 6.924456
18686, 157.233551, 6.968415
18691, 157.255524, 6.902490
18696, 157.189606, 6.924456
18701, 157.277496, 6.990381
18706, 157.211578, 6.880524
18711, 157.167618, 6.880524
18716, 157.189606, 6.858531
18771, 157.167618, 6.902490
18772, 157.167618, 6.968415
18772, 157.189606, 6.946422
18773, 157.189606, 6.902490
18773, 157.189606, 6.924456
18773, 157.123688, 6.946422
18780, 157.145660, 6.902490
18785, 157.167618, 6.902490
18790, 157.211578, 6.968415
18795, 157.233551, 6.968415
18800, 157.255524, 6.946422
18805, 157.255524, 6.858531
18810, 157.211578, 6.968415
18815, 157.277496, 6.924456
18820, 157.233551, 6.946422
18875, 157.277496, 6.946422
18876, 157.167618, 6.968415
18876, 157.211578, 6.990381
18876, 157.233551, 6.946422
18876, 157.233551, 6.968415
18877, 157.189606, 6.946422
18884, 157.211578, 6.946422
18889, 157.233551, 6.924456
18894, 157.233551, 6.968415
18899, 157.255524, 6.946422
18904, 157.211578, 6.924456
18909, 157.189606, 6.858531
18914, 157.233551, 6.924456
18919, 157.189606, 6.946422
18923, 157.255524, 6.968415
18979, 157.211578, 6.902490
18980, 157.189606, 6.946422
18980, 157.255524, 6.968415
18980, 157.255524, 6.990381
18981, 157.189606, 6.946422
18981, 157.211578, 6.924456
18988, 157.167618, 6.946422
18993, 157.189606, 6.946422
18998, 157.255524, 6.902490
19003, 157.233551, 6.946422
19008, 157.211578, 6.880524
19013, 157.211578, 6.902490
19018, 157.255524, 6.836565
19022, 157.211578, 6.858531
19027, 157.189606, 6.880524
19083, 157.211578, 6.836565
19083, 157.189606, 6.880524
19086, 157.211578, 6.924456
19087, 157.255524, 6.902490
19087, 157.233551, 6.968415
19087, 157.167618, 6.880524
19087, 157.189606, 6.968415
19092, 157.277496, 6.946422
19097, 157.233551, 6.902490
19102, 157.211578, 6.880524
19107, 157.189606, 6.924456
19111, 157.277496, 6.902490
19116, 157.233551, 6.924456
19121, 157.299469, 6.836565
19126, 157.233551, 6.946422
19131, 157.255524, 6.946422
19186, 157.233551, 6.924456
19187, 157.255524, 6.924456
19187, 157.233551, 6.990381
19187, 157.299469, 6.902490
19190, 157.189606, 6.990381
19191, 157.277496, 6.946422
19191, 157.255524, 6.946422
19195, 157.233551, 6.902490
19200, 157.255524, 6.924456
19205, 157.233551, 6.946422
19210, 157.211578, 6.902490
19215, 157.211578, 6.836565
19220, 157.145660, 6.924456
19225, 157.299469, 6.858531
19230, 157.233551, 6.924456
19235, 157.211578, 6.880524
19290, 157.211578, 6.880524
19291, 157.211578, 6.880524
19291, 157.255524, 6.946422
19291, 157.233551, 6.924456
19292, 157.211578, 6.880524
19292, 157.211578, 6.924456
19294, 157.255524, 6.880524
19299, 157.211578, 6.968415
19304, 157.233551, 6.946422
19309, 157.233551, 6.902490
19314, 157.233551, 6.902490
19319, 157.211578, 6.902490
19324, 157.211578, 6.924456
19329, 157.255524, 6.946422
19334, 157.233551, 6.968415
19339, 157.255524, 6.880524
19394, 157.211578, 6.946422
19395, 157.233551, 6.924456
19395, 157.211578, 6.902490
19395, 157.145660, 6.902490
19396, 157.255524, 6.924456
19396, 157.211578, 6.924456
19398, 157.211578, 6.902490
19403, 157.255524, 6.902490
19408, 157.211578, 6.902490
19412, 157.233551, 6.858531
19418, 157.189606, 6.858531
19423, 157.189606, 6.858531
19428, 157.211578, 6.858531
19433, 157.211578, 6.880524
19438, 157.189606, 6.836565
19442, 157.145660, 6.836565
19498, 157.255524, 6.814599
19498, 157.189606, 6.858531
19498, 157.211578, 6.858531
19499, 157.211578, 6.858531
19499, 157.167618, 6.836565
19499, 157.255524, 6.858531
19501, 157.167618, 6.836565
19507, 157.189606, 6.880524
19512, 157.233551, 6.792633
19517, 157.233551, 6.858531
19521, 157.211578, 6.858531
19526, 157.211578, 6.770640
19531, 157.211578, 6.814599
19536, 157.189606, 6.770640
19541, 157.277496, 6.880524
19546, 157.255524, 6.880524
19601, 157.145660, 6.836565
19602, 157.211578, 6.836565
19602, 157.211578, 6.814599
19602, 157.233551, 6.814599
19602, 157.189606, 6.858531
19603, 157.167618, 6.880524
19605, 157.189606, 6.880524
19610, 157.211578, 6.836565
19615, 157.167618, 6.836565
19620, 157.211578, 6.792633
19625, 157.167618, 6.792633
19630, 157.211578, 6.814599
19635, 157.233551, 6.814599
19640, 157.211578, 6.880524
19645, 157.167618, 6.814599
19649, 157.189606, 6.792633
19705, 157.189606, 6.836565
19705, 157.211578, 6.814599
19706, 157.211578, 6.814599
19706, 157.167618, 6.858531
19706, 157.211578, 6.836565
19706, 157.145660, 6.880524
19709, 157.211578, 6.858531
19714, 157.189606, 6.814599
19719, 157.167618, 6.880524
19724, 157.233551, 6.814599
19729, 157.167618, 6.792633
19733, 157.233551, 6.770640
19738, 157.189606, 6.836565
19743, 157.233551, 6.880524
19748, 157.189606, 6.858531
19753, 157.145660, 6.792633
19809, 157.167618, 6.858531
19809, 157.233551, 6.836565
19809, 157.211578, 6.836565
19810, 157.211578, 6.836565
19810, 157.211578, 6.858531
19810, 157.211578, 6.836565
19813, 157.211578, 6.814599
19817, 157.211578, 6.858531
19822, 157.189606, 6.880524
19827, 157.233551, 6.792633
19832, 157.233551, 6.792633
19837, 157.189606, 6.858531
19842, 157.255524, 6.836565
19847, 157.211578, 6.814599
19852, 157.233551, 6.880524
19857, 157.211578, 6.858531
19912, 157.167618, 6.858531
19913, 157.211578, 6.770640
19916, 157.167618, 6.836565
19916, 157.189606, 6.836565
19916, 157.167618, 6.814599
19917, 157.189606, 6.858531
19917, 157.167618, 6.836565
19921, 157.145660, 6.770640
19926, 157.211578, 6.814599
19931, 157.255524, 6.836565
19936, 157.123688, 6.814599
19941, 157.255524, 6.880524
19946, 157.233551, 6.858531
19951, 157.233551, 6.902490
19956, 157.233551, 6.836565
19961, 157.255524, 6.770640
20016, 157.211578, 6.836565
20017, 157.277496, 6.858531
20017, 157.255524, 6.836565
20017, 157.189606, 6.880524
20020, 157.211578, 6.858531
20020, 157.145660, 6.858531
20021, 157.189606, 6.836565
20025, 157.145660, 6.836565
20030, 157.167618, 6.836565
20035, 157.189606, 6.858531
20040, 157.167618, 6.880524
20045, 157.233551, 6.880524
20050, 157.167618, 6.770640
20055, 157.211578, 6.792633
20059, 157.233551, 6.858531
20064, 157.277496, 6.792633
20120, 157.233551, 6.902490
20120, 157.277496, 6.858531
20121, 157.255524, 6.814599
20121, 157.255524, 6.748674
20121, 157.189606, 6.858531
20121, 157.189606, 6.858531
20124, 156.991837, 6.814599
20129, 156.947906, 6.880524
20134, 156.881989, 6.858531
20138, 156.794098, 6.858531
20143, 156.750153, 6.880524
20148, 156.728165, 6.946422
20153, 156.728165, 6.858531
20158, 156.684235, 6.858531
20163, 156.662262, 6.858531
20168, 156.728165, 6.814599
20224, 156.662262, 6.858531
20224, 156.662262, 6.792633
20224, 156.706207, 6.836565
20224, 156.750153, 6.814599
20225, 156.706207, 6.836565
20225, 156.706207, 6.858531
20227, 156.662262, 6.858531
20232, 156.618317, 6.858531
20237, 156.640274, 6.858531
20242, 156.662262, 6.792633
20247, 156.662262, 6.858531
20252, 156.662262, 6.858531
20257, 156.706207, 6.858531
20262, 156.684235, 6.814599
20267, 156.750153, 6.836565
20272, 156.816055, 6.858531
20327, 156.860016, 6.836565
20328, 156.947906, 6.858531
20328, 157.123688, 6.836565
20328, 157.057770, 6.880524
20329, 157.145660, 6.792633
20329, 157.189606, 6.836565
20331, 157.167618, 6.858531
20336, 157.101715, 6.836565
20341, 156.969879, 6.858531
20346, 156.947906, 6.902490
20351, 156.772125, 6.858531
20356, 156.728165, 6.814599
20361, 156.640274, 6.836565
20366, 156.662262, 6.814599
20371, 156.662262, 6.814599
20376, 156.662262, 6.836565
20431, 156.596344, 6.902490
20432, 156.618317, 6.880524
20432, 156.552383, 6.858531
20432, 156.508453, 6.858531
20432, 156.530426, 6.880524
20433, 156.486481, 6.792633
20435, 156.222809, 6.858531
20440, 156.178864, 6.814599
20445, 156.003082, 6.814599
20450, 155.849258, 6.902490
20455, 155.739410, 6.836565
20460, 155.497696, 6.770640
20465, 155.409821, 6.792633
20469, 155.234039, 6.836565
20474, 155.080231, 6.858531
20479, 154.926422, 6.836565
20535, 154.728668, 6.836565
20535, 154.640778, 6.880524
20536, 154.464996, 6.880524
20536, 154.201324, 6.858531
20536, 154.003571, 6.858531
20536, 153.871735, 6.814599
20539, 152.817047, 6.880524
20544, 152.685211, 6.792633
20549, 152.553375, 6.858531
20553, 152.377579, 6.836565
20558, 152.135895, 6.858531
20563, 152.026016, 6.858531
20568, 151.806305, 6.902490
20573, 151.630524, 6.924456
20578, 151.410782, 6.836565
20583, 151.235001, 6.858531
20639, 151.037262, 6.858531
20639, 150.817535, 6.880524
20639, 150.619766, 6.902490
20639, 150.378082, 6.902490
20640, 150.202301, 6.814599
20640, 149.938629, 6.858531
20642, 148.642242, 6.836565
20647, 148.400528, 6.858531
20652, 148.136871, 6.836565
20657, 147.939117, 6.858531
20662, 147.763336, 6.880524
20667, 147.543610, 6.836565
20672, 147.367828, 6.814599
20677, 147.104156, 6.858531
20682, 146.862457, 6.880524
20687, 146.642731, 6.858531
20742, 146.379059, 6.814599
20743, 146.137360, 6.902490
20746, 145.895660, 6.814599
20746, 145.566071, 6.858531
20746, 145.302399, 6.880524
20747, 144.972809, 6.880524
20747, 143.346817, 6.836565
20751, 143.039215, 6.836565
20756, 142.753571, 6.836565
20761, 142.423981, 6.902490
20766, 142.006485, 6.880524
20771, 141.698883, 6.880524
20776, 141.281403, 6.836565
20781, 141.017731, 6.880524
20786, 140.666168, 6.836565
20791, 140.292633, 6.814599
20846, 139.985016, 6.836565
20847, 139.655426, 6.880524
20847, 139.325836, 6.858531
20847, 138.974274, 6.880524
20850, 138.666656, 6.880524
20850, 138.337067, 6.880524
20851, 136.117828, 6.836565
20855, 135.854156, 6.858531
20860, 135.546539, 6.880524
20865, 135.238922, 6.792633
20870, 134.843414, 6.858531
20875, 134.513824, 6.792633
20880, 134.206192, 6.902490
20885, 133.810699, 6.946422
20889, 133.415192, 6.880524
20894, 133.041641, 6.880524
20950, 132.624176, 6.814599
20950, 132.228668, 6.946422
20951, 131.745270, 6.924456
20951, 131.415680, 6.814599
20951, 131.042145, 6.814599
20951, 130.668610, 6.858531
20954, 128.119766, 6.858531
20959, 127.724266, 6.880524
20964, 127.328766, 6.836565
20973, 126.823387, 6.858531
20978, 126.208153, 6.836565
20983, 125.417137, 6.858531
20988, 124.582184, 6.858531
20993, 123.637352, 6.902490
20998, 122.626617, 6.880524
21054, 121.879547, 6.836565
21054, 120.714989, 6.880524
21055, 119.484528, 6.858531
21055, 118.254059, 6.770640
21055, 117.111473, 6.902490
21055, 115.902985, 6.858531
21062, 107.311668, 6.770640
21067, 106.125153, 6.836565
21072, 104.916649, 6.814599
21077, 103.730133, 6.858531
21082, 102.521629, 6.880524
21087, 101.335114, 6.814599
21092, 100.104637, 6.858531
21097, 98.808258, 6.836565
21102, 97.687645, 6.858531
21157, 96.391266, 6.858531
21158, 95.226707, 6.836565
21158, 93.952301, 6.814599
21158, 92.853661, 6.902490
21159, 91.557281, 6.814599
21159, 90.436668, 6.902490
21166, 82.680321, 6.880524
21171, 81.735504, 6.836565
21176, 80.834618, 6.836565
21181, 79.977692, 6.858531
21186, 79.164703, 6.880524
21191, 78.461571, 6.880524
21196, 77.824364, 6.814599
21201, 77.209137, 6.858531
21206, 76.615868, 6.858531
21261, 76.110497, 6.880524
21262, 75.627098, 6.814599
21262, 75.231590, 6.858531
21262, 74.858063, 6.858531
21262, 74.616364, 6.880524
21263, 74.308746, 6.770640
21270, 73.737473, 6.858531
21275, 73.913254, 6.858531
21280, 74.154930, 6.858531
21285, 74.462555, 6.836565
21290, 74.792145, 6.814599
21295, 75.055817, 6.792633
21300, 75.363426, 6.836565
21305, 75.780907, 6.814599
21309, 76.154442, 6.858531
21365, 76.571922, 6.836565
21365, 76.989410, 6.792633
21365, 77.384918, 6.814599
21369, 77.780418, 6.836565
21369, 78.153954, 6.902490
21369, 78.571434, 6.880524
21369, 81.252098, 6.814599
21374, 81.713531, 6.880524
21379, 82.174957, 6.792633
21384, 82.592438, 6.836565
21389, 83.053856, 6.792633
21394, 83.647118, 6.814599
21399, 84.174469, 6.836565
21404, 84.679840, 6.792633
21408, 85.141258, 6.814599
21413, 85.712547, 6.836565
21469, 86.239891, 6.792633
21469, 86.833160, 6.792633
21470, 87.294586, 6.814599
21470, 87.865868, 6.836565
21470, 88.525047, 6.814599
21470, 89.272125, 6.880524
21473, 93.205223, 6.858531
21478, 93.842438, 6.858531
21483, 94.567535, 6.858531
21488, 95.270653, 6.858531
21493, 95.907860, 6.836565
21498, 96.676910, 6.792633
21503, 97.292137, 6.836565
21507, 98.149071, 6.814599
21512, 98.830231, 6.814599
21517, 99.489410, 6.792633
21572, 100.170555, 6.858531
21573, 101.027496, 6.770640
21573, 102.214012, 6.858531
21573, 103.268707, 6.880524
21573, 104.411285, 6.880524
21574, 106.037262, 6.858531
21577, 113.837547, 6.968415
21582, 115.155907, 6.946422
21586, 116.386383, 7.012346
21591, 117.792625, 6.990381
21596, 119.176910, 6.968415
21601, 120.605133, 7.034312
21606, 122.011383, 7.012346
21611, 123.241844, 6.990381
21616, 124.450333, 7.012346
21621, 125.658844, 6.946422
21676, 127.065094, 6.858531
21677, 128.251602, 6.968415
21677, 129.745758, 6.946422
21677, 131.152008, 6.946422
21677, 132.602188, 6.902490
21678, 133.942520, 6.902490
21680, 141.632965, 6.902490
21685, 143.149078, 6.946422
21690, 144.577286, 6.880524
21695, 145.851715, 6.836565
21700, 147.148087, 6.858531
21705, 148.312637, 6.836565
21710, 149.521149, 6.880524
21715, 150.883438, 6.880524
21719, 152.048004, 6.836565
21724, 153.102676, 6.880524
21780, 154.135406, 6.836565
21780, 155.146149, 6.858531
21780, 156.003082, 6.902490
21781, 156.772125, 6.814599
21781, 157.475250, 6.792633
21781, 158.024567, 6.814599
21784, 160.661285, 6.792633
21789, 160.902969, 6.748674
21794, 161.232574, 6.814599
21799, 161.386383, 6.748674
21803, 161.606094, 6.748674
21808, 161.737946, 6.792633
21813, 161.825836, 6.726708
21818, 161.891754, 6.748674
21823, 161.957657, 6.770640
21828, 161.979645, 6.770640
21884, 161.979645, 6.814599
21884, 161.935699, 6.792633
21885, 161.891754, 6.726708
21885, 161.891754, 6.792633
21885, 161.847809, 6.704742
21885, 161.759918, 6.748674
21887, 161.210602, 6.792633
21892, 161.100739, 6.814599
21897, 160.924957, 6.748674
21902, 160.705231, 6.792633
21907, 160.617340, 6.792633
21912, 160.441559, 6.792633
21917, 160.309723, 6.792633
21922, 160.089996, 6.792633
21927, 159.980133, 6.836565
21932, 159.760406, 6.792633
21988, 159.562637, 6.792633
21988, 159.364899, 6.836565
21988, 159.167145, 6.836565
21988, 159.035294, 6.792633
21989, 158.749664, 6.814599
21989, 158.551910, 6.770640
21991, 157.079727, 6.792633
21996, 156.860016, 6.792633
22001, 156.552383, 6.682749
22006, 156.332672, 6.814599
22011, 156.047028, 6.814599
22016, 155.717438, 6.792633
22021, 155.453766, 6.792633
22026, 155.234039, 6.858531
22031, 154.860504, 6.770640
22036, 154.596817, 6.792633
22091, 154.223297, 6.792633
22095, 153.937653, 6.836565
22095, 153.520172, 6.792633
22095, 153.190567, 6.792633
22095, 152.882965, 6.792633
22095, 152.619293, 6.836565
22100, 150.465973, 6.770640
22105, 150.136383, 6.748674
22110, 149.872711, 6.770640
22115, 149.279434, 6.836565
22120, 148.510406, 6.748674
22125, 147.016266, 6.792633
22130, 145.895660, 6.770640
22134, 144.665176, 6.814599
22139, 143.368805, 6.792633
22195, 142.138336, 6.748674
22195, 140.841949, 6.792633
22196, 139.655426, 6.836565
22196, 138.359039, 6.792633
22196, 137.084625, 6.836565
22199, 135.832184, 6.792633
22199, 128.361481, 6.814599
22204, 127.152985, 6.770640
22209, 125.922516, 6.792633
22214, 124.670074, 6.814599
22218, 123.417625, 6.792633
22223, 122.231102, 6.836565
22228, 120.868805, 6.792633
22233, 119.638329, 6.814599
22238, 118.363914, 6.968415
22243, 117.133453, 7.012346
22299, 115.946930, 7.034312
22299, 114.760399, 6.990381
22299, 113.507965, 7.056305
22300, 112.299461, 7.034312
22300, 111.112946, 7.012346
22300, 109.860497, 6.968415
22307, 102.895164, 7.012346
22312, 101.818504, 6.968415
22317, 100.697899, 6.968415
22322, 99.665192, 6.990381
22327, 98.676422, 6.990381
22332, 97.709618, 7.012346
22337, 96.676910, 6.946422
22342, 95.754051, 7.012346
22347, 94.853172, 6.946422
22402, 93.974274, 6.946422
22403, 93.161278, 6.946422
22403, 92.238426, 6.946422
22404, 91.403473, 7.012346
22404, 90.568504, 6.924456
22404, 89.843407, 6.968415
22411, 85.053368, 6.968415
22416, 84.526031, 6.990381
22421, 83.844872, 7.034312
22426, 83.273582, 6.990381
22431, 82.746239, 6.990381
22436, 82.240875, 6.946422
22441, 81.735504, 7.012346
22446, 81.186180, 6.968415
22451, 80.614891, 6.990381
22506, 80.131493, 7.034312
22507, 79.604156, 7.034312
22507, 79.032860, 6.968415
22507, 78.593407, 6.968415
22507, 78.131981, 7.034312
22508, 77.670563, 6.924456
22515, 74.836090, 7.012346
22520, 74.528473, 6.990381
22525, 74.286766, 6.946422
22530, 73.803368, 6.946422
22535, 73.473801, 7.012346
22540, 73.188133, 6.924456
22545, 72.880531, 6.990381
22549, 72.550934, 6.990381
22554, 72.221336, 6.968415
22610, 71.957664, 6.990381
22611, 71.737946, 6.968415
22611, 71.518234, 6.902490
22611, 71.342453, 6.968415
22611, 71.078781, 6.924456
22611, 70.837074, 6.968415
22619, 71.628090, 7.144197
22624, 71.847801, 7.122203
22629, 72.023590, 7.276020
22633, 72.221336, 7.232088
22638, 72.419106, 7.363910
22643, 72.660789, 7.429835
22648, 72.924461, 7.363910
22653, 73.144203, 7.451801
22658, 73.495766, 7.473767
22714, 73.847328, 7.451801
22714, 74.286766, 7.363910
22714, 74.616364, 7.451801
22714, 74.989899, 7.451801
22717, 75.473289, 7.451801
22718, 75.978661, 7.451801
22718, 79.142731, 7.429835
22723, 79.845856, 7.429835
22727, 80.527000, 7.407869
22732, 81.142235, 7.451801
22737, 81.757477, 7.341945
22742, 82.394676, 7.451801
22747, 83.053856, 7.341945
22752, 83.669090, 7.429835
22757, 84.438141, 7.429835
22762, 85.163231, 7.451801
22817, 85.888329, 7.363910
22818, 86.459625, 7.341945
22818, 87.118805, 7.407869
22819, 87.865868, 7.363910
22819, 88.590965, 7.341945
22819, 89.360016, 7.407869
22822, 93.864410, 7.319979
22826, 94.589500, 7.363910
22831, 95.336571, 7.363910
22836, 96.149567, 7.319979
22841, 96.940575, 7.341945
22846, 97.775536, 7.363910
22851, 98.544586, 7.341945
22856, 99.247704, 7.341945
22861, 99.972801, 7.319979
22866, 100.785789, 7.319979
22921, 101.620758, 7.407869
22922, 102.389793, 7.363910
22922, 103.312653, 7.363910
22922, 104.323395, 7.341945
22922, 105.465965, 7.385876
22923, 106.850250, 7.385876
22925, 114.892235, 7.319979
22930, 116.144676, 7.429835
22935, 117.463036, 7.363910
22940, 118.891258, 7.341945
22945, 120.297516, 7.341945
22950, 121.681786, 7.341945
22955, 123.000153, 7.363910
22959, 124.252586, 7.407869
22964, 125.505028, 7.385876
22969, 126.801422, 7.517726
23025, 128.163712, 7.429835
23025, 129.504044, 7.407869
23025, 130.932281, 7.407869
23026, 132.316559, 7.363910
23026, 133.700836, 7.407869
23026, 134.975250, 7.341945
23029, 142.819489, 7.473767
23034, 144.247711, 7.385876
23038, 145.544098, 7.451801
23043, 146.796524, 7.429835
23048, 148.048981, 7.429835
23053, 149.279434, 7.407869
23058, 150.575836, 7.385876
23063, 151.784332, 7.407869
23068, 152.860992, 7.451801
23073, 153.827789, 7.407869
23129, 154.838531, 7.451801
23129, 155.739410, 7.407869
23129, 156.508453, 7.451801
23129, 157.079727, 7.407869
23129, 157.716949, 7.451801
23130, 158.222321, 7.429835
23132, 160.485504, 7.429835
23137, 160.727188, 7.385876
23142, 160.837067, 7.385876
23147, 161.012848, 7.385876
23152, 161.100739, 7.363910
23157, 161.232574, 7.385876
23162, 161.276520, 7.407869
23167, 161.298492, 7.429835
23172, 161.276520, 7.451801
23177, 161.254532, 7.407869
23232, 161.166641, 7.407869
23233, 161.144684, 7.407869
23233, 161.122711, 7.363910
23233, 161.122711, 7.407869
23234, 161.056793, 7.407869
23234, 160.946930, 7.451801
23236, 160.199860, 7.451801
23241, 160.024078, 7.495760
23246, 159.804352, 7.407869
23251, 159.628571, 7.451801
23256, 159.474747, 7.473767
23261, 159.189117, 7.429835
23266, 158.947403, 7.473767
23271, 158.749664, 7.495760
23276, 158.529938, 7.363910
23280, 158.244278, 7.429835
23336, 157.892715, 7.407869
23337, 157.738922, 7.451801
23337, 157.475250, 7.495760
23337, 157.211578, 7.429835
23337, 156.903946, 7.407869
23337, 156.662262, 7.429835
23340, 155.321930, 7.363910
23345, 155.036285, 7.385876
23350, 154.816559, 7.407869
23355, 154.596817, 7.341945
23360, 154.333145, 7.385876
23364, 154.091461, 7.363910
23369, 153.871735, 7.407869
23374, 153.630020, 7.407869
23379, 153.454239, 7.407869
23384, 153.212555, 7.363910
23440, 153.058746, 7.407869
23440, 152.970856, 7.363910
23440, 152.751129, 7.407869
23443, 152.575348, 7.363910
23444, 152.399567, 7.407869
23444, 152.223785, 7.363910
23444, 151.235001, 7.363910
23448, 151.103180, 7.407869
23453, 150.927399, 7.385876
23458, 150.795547, 7.385876
23463, 150.707657, 7.385876
23468, 150.465973, 7.407869
23473, 150.378082, 7.385876
23478, 150.268219, 7.451801
23483, 150.136383, 7.385876
23488, 149.960602, 7.429835
23543, 149.784821, 7.407869
23544, 149.696930, 7.385876
23544, 149.587067, 7.385876
23544, 149.433258, 7.385876
23544, 149.345367, 7.407869
23560, 149.257477, 7.429835
23560, 148.686188, 7.473767
23561, 148.576309, 7.495760
23561, 148.554352, 7.561658
23562, 148.532379, 7.495760
23567, 148.466461, 7.517726
23572, 148.356598, 7.605617
23577, 148.356598, 7.517726
23582, 148.268707, 7.429835
23587, 148.224747, 7.451801
23592, 148.158844, 7.495760
23647, 148.114899, 7.473767
23647, 148.114899, 7.451801
23648, 148.070953, 7.495760
23648, 148.092926, 7.473767
23648, 148.070953, 7.495760
23648, 148.070953, 7.495760
23651, 148.092926, 7.495760
23656, 148.114899, 7.451801
23661, 148.136871, 7.473767
23666, 148.136871, 7.473767
23671, 148.070953, 7.429835
23676, 148.114899, 7.451801
23680, 148.114899, 7.451801
23685, 148.114899, 7.451801
23690, 148.136871, 7.451801
23695, 148.027008, 7.429835
23751, 148.114899, 7.451801
23751, 148.092926, 7.451801
23751, 148.136871, 7.451801
23752, 148.136871, 7.473767
23752, 148.092926, 7.429835
23752, 148.092926, 7.451801
23755, 148.048981, 7.407869
23760, 148.048981, 7.385876
23764, 148.114899, 7.451801
23769, 148.005035, 7.495760
23774, 148.070953, 7.407869
23779, 148.005035, 7.451801
23784, 147.961090, 7.385876
23789, 147.961090, 7.451801
23794, 147.873199, 7.407869
23799, 147.829254, 7.385876
23855, 147.719391, 7.451801
23855, 147.609528, 7.429835
23855, 147.521637, 7.451801
23855, 147.367828, 7.363910
23856, 147.257965, 7.385876
23856, 147.060196, 7.429835
23859, 145.719879, 7.473767
23863, 145.412262, 7.473767
23868, 145.016739, 7.451801
23873, 144.731110, 7.451801
23878, 144.313614, 7.495760
23883, 143.962051, 7.429835
23888, 143.588531, 7.429835
23898, 143.171051, 7.451801
23903, 142.797501, 7.407869
23958, 142.380035, 7.407869
23959, 141.918594, 7.451801
23959, 141.325348, 7.451801
23959, 140.841949, 7.495760
23960, 140.402496, 7.429835
23960, 139.919098, 7.429835
23967, 136.271637, 7.385876
23972, 135.788239, 7.451801
23977, 135.282867, 7.407869
23982, 134.711578, 7.407869
23987, 134.162262, 7.451801
23992, 133.525055, 7.451801
23997, 132.865860, 7.451801
24001, 132.140778, 7.363910
24006, 131.481598, 7.429835
24062, 130.844391, 7.451801
24063, 130.185211, 7.451801
24063, 129.460114, 7.385876
24063, 128.800934, 7.429835
24063, 128.207657, 7.407869
24063, 127.526520, 7.363910
24071, 123.395660, 7.385876
24076, 122.802406, 7.451801
24080, 122.165184, 7.429835
24085, 121.593895, 7.385876
24090, 120.802879, 7.385876
24095, 119.923973, 7.473767
24100, 118.913239, 7.363910
24105, 117.902496, 7.407869
24110, 117.111473, 7.319979
24166, 116.298492, 7.407869
24166, 115.046043, 7.429835
24166, 113.903473, 7.407869
24169, 112.716942, 7.429835
24170, 111.464508, 7.341945
24170, 110.321922, 7.341945
24174, 101.950340, 7.319979
24179, 100.829742, 7.363910
24184, 99.533356, 7.319979
24189, 98.390778, 7.319979
24194, 97.226227, 7.363910
24199, 96.017731, 7.319979
24204, 94.787262, 7.429835
24209, 93.688629, 7.385876
24214, 92.480133, 7.319979
24269, 91.271637, 7.385876
24270, 90.129051, 7.341945
24270, 88.986481, 7.363910
24270, 87.777977, 7.297986
24271, 86.657379, 7.385876
24271, 85.536766, 7.385876
24278, 77.890282, 7.385876
24283, 76.857574, 7.429835
24288, 75.912743, 7.363910
24293, 74.967926, 7.385876
24298, 74.045067, 7.407869
24303, 73.210129, 7.363910
24308, 72.287262, 7.363910
24313, 71.452309, 7.385876
24318, 70.771149, 7.429835
24373, 70.089989, 7.407869
24374, 69.408852, 7.363910
24374, 68.727692, 7.451801
24374, 68.046532, 7.385876
24375, 67.409332, 7.407869
24375, 66.838051, 7.363910
24382, 63.937653, 7.341945
24387, 63.673981, 7.407869
24392, 63.366375, 7.407869
24397, 63.212563, 7.385876
24402, 63.014812, 7.385876
24406, 62.839031, 7.451801
24412, 62.751141, 7.385876
24417, 62.553364, 7.363910
24422, 62.509434, 7.385876
24477, 62.465473, 7.341945
24477, 62.641254, 7.385876
24478, 62.751141, 7.407869
24478, 62.882961, 7.385876
24478, 63.168602, 7.407869
24478, 63.410309, 7.407869
24480, 65.585617, 7.407869
24486, 65.937180, 7.429835
24491, 66.332672, 7.341945
24496, 66.881981, 7.341945
24501, 67.343407, 7.385876
24505, 67.958641, 7.341945
24510, 68.485985, 7.385876
24515, 69.079254, 7.385876
24520, 69.694489, 7.341945
24525, 70.265770, 7.429835
24580, 70.968895, 7.429835
24581, 71.562164, 7.429835
24581, 72.133446, 7.385876
24581, 72.858566, 7.363910
24581, 73.495766, 7.407869
24582, 74.308746, 7.363910
24585, 78.703270, 7.363910
24589, 79.406403, 7.473767
24594, 80.241356, 7.385876
24599, 81.076317, 7.385876
24604, 81.933258, 7.385876
24609, 82.592438, 7.407869
24614, 83.427391, 7.407869
24619, 84.262360, 7.451801
24624, 85.097313, 7.429835
24629, 85.866356, 7.385876
24684, 86.723297, 7.363910
24685, 87.404442, 7.429835
24688, 88.173485, 7.429835
24688, 89.052399, 7.429835
24688, 89.887352, 7.363910
24688, 90.700340, 7.385876
24689, 95.688133, 7.341945
24693, 96.457184, 7.319979
24698, 97.511864, 7.341945
24703, 98.566559, 7.385876
24708, 99.709137, 7.385876
24713, 101.093414, 7.385876
24717, 102.323875, 7.363910
24722, 103.488434, 7.363910
24727, 104.982567, 7.341945
24732, 106.410797, 7.363910
24788, 107.685204, 7.363910
24788, 109.201324, 7.429835
24788, 110.519684, 7.429835
24789, 111.860016, 7.407869
24789, 113.134430, 7.363910
24792, 114.386871, 7.385876
24792, 122.692535, 7.363910
24796, 123.923004, 7.363910
24801, 125.285316, 7.385876
24806, 126.603661, 7.429835
24811, 127.856117, 7.363910
24816, 129.152496, 7.385876
24821, 130.712555, 7.407869
24826, 132.118805, 7.363910
24831, 133.503082, 7.407869
24836, 134.975250, 7.407869
24892, 136.139801, 7.407869
24892, 137.458160, 7.407869
24892, 138.776520, 7.385876
24893, 140.072906, 7.363910
24893, 141.369293, 7.407869
24893, 142.885406, 7.385876
24895, 150.641754, 7.407869
24900, 151.872223, 7.363910
24905, 152.904938, 7.385876
24910, 153.871735, 7.429835
24915, 155.036285, 7.385876
24920, 155.871246, 7.407869
24925, 156.596344, 7.385876
24930, 157.343414, 7.429835
24935, 157.914703, 7.407869
24940, 158.507950, 7.363910
24995, 158.991364, 7.429835
24996, 159.364899, 7.429835
24996, 159.716461, 7.385876
24996, 160.046051, 7.363910
24996, 160.331696, 7.385876
24997, 160.573395, 7.385876
24999, 161.210602, 7.385876
25004, 161.276520, 7.385876
25009, 161.188629, 7.385876
25014, 161.166641, 7.363910
25019, 161.100739, 7.451801
25024, 161.034821, 7.385876
25029, 160.924957, 7.385876
25034, 160.859039, 7.451801
25038, 160.771149, 7.407869
25043, 160.573395, 7.451801
25099, 160.463516, 7.517726
25099, 160.287750, 7.561658
25100, 160.002106, 7.517726
25100, 159.826324, 7.539692
25100, 159.628571, 7.583651
25100, 159.408844, 7.517726
25103, 157.585114, 7.473767
25108, 157.211578, 7.473767
25113, 156.969879, 7.561658
25118, 156.640274, 7.451801
25122, 156.288712, 7.451801
25127, 155.959137, 7.517726
25132, 155.695465, 7.385876
25137, 155.365875, 7.451801
25142, 155.036285, 7.407869
25147, 154.728668, 7.451801
25203, 154.421036, 7.429835
25203, 154.135406, 7.407869
25203, 153.761871, 7.385876
25203, 153.454239, 7.407869
25204, 153.322418, 7.385876
25204, 153.080719, 7.451801
25206, 151.982086, 7.451801
25211, 151.894196, 7.429835
25216, 151.740387, 7.451801
25221, 151.674454, 7.451801
25226, 151.520660, 7.407869
25231, 151.410782, 7.341945
25236, 151.300934, 7.451801
25241, 151.191071, 7.473767
25246, 151.125153, 7.451801
25251, 151.125153, 7.363910
25306, 151.081207, 7.363910
25307, 151.059219, 7.451801
25307, 151.015289, 7.407869
25308, 151.015289, 7.407869
25308, 150.993317, 7.407869
25308, 150.971329, 7.429835
25310, 150.905426, 7.429835
25315, 150.905426, 7.407869
25320, 150.927399, 7.451801
25325, 151.015289, 7.429835
25330, 150.993317, 7.407869
25335, 150.927399, 7.407869
25340, 150.971329, 7.429835
25345, 150.949371, 7.451801
25350, 150.927399, 7.495760
25355, 150.971329, 7.473767
25410, 150.949371, 7.473767
25411, 150.927399, 7.429835
25411, 150.971329, 7.407869
25411, 150.971329, 7.451801
25411, 150.949371, 7.473767
25412, 150.971329, 7.363910
25414, 150.949371, 7.473767
25419, 150.971329, 7.473767
25424, 150.993317, 7.517726
25429, 150.949371, 7.429835
25434, 150.971329, 7.517726
25439, 151.037262, 7.561658
25444, 151.081207, 7.495760
25449, 150.971329, 7.407869
25453, 151.059219, 7.517726
25458, 151.059219, 7.451801
25514, 151.059219, 7.517726
25514, 151.059219, 7.517726
25517, 151.147110, 7.517726
25518, 151.169098, 7.407869
25518, 151.235001, 7.473767
25518, 151.300934, 7.451801
25518, 151.366852, 7.451801
25523, 151.344879, 7.495760
25528, 151.432770, 7.429835
25533, 151.388824, 7.407869
25537, 151.432770, 7.495760
25542, 151.476715, 7.473767
25547, 151.476715, 7.429835
25552, 151.498672, 7.495760
25557, 151.520660, 7.451801
25562, 151.542633, 7.429835
25618, 151.498672, 7.495760
25618, 151.520660, 7.473767
25619, 151.564606, 7.429835
25619, 151.586563, 7.473767
25619, 151.608551, 7.451801
25622, 151.674454, 7.473767
25622, 151.674454, 7.451801
25626, 151.696442, 7.473767
25631, 151.652496, 7.473767
25636, 151.740387, 7.473767
25641, 151.718414, 7.429835
25646, 151.652496, 7.451801
25651, 151.718414, 7.495760
25656, 151.740387, 7.495760
25661, 151.718414, 7.429835
25666, 151.740387, 7.429835
25722, 151.696442, 7.517726
25722, 151.674454, 7.407869
25722, 151.740387, 7.473767
25723, 151.674454, 7.451801
25723, 151.696442, 7.407869
25723, 151.718414, 7.407869
25726, 151.696442, 7.451801
25730, 151.740387, 7.473767
25735, 151.696442, 7.429835
25740, 151.740387, 7.495760
25745, 151.740387, 7.407869
25750, 151.696442, 7.517726
25755, 151.718414, 7.429835
25760, 151.674454, 7.407869
25765, 151.740387, 7.451801
25770, 151.740387, 7.451801
25825, 151.652496, 7.451801
25826, 151.630524, 7.429835
25826, 151.696442, 7.429835
25826, 151.674454, 7.407869
25826, 151.696442, 7.429835
25829, 151.652496, 7.473767
25834, 151.696442, 7.495760
25839, 151.718414, 7.473767
25844, 151.696442, 7.451801
25849, 151.674454, 7.473767
25854, 151.674454, 7.517726
25859, 151.718414, 7.429835
25864, 151.718414, 7.495760
25868, 151.696442, 7.495760
25873, 151.674454, 7.451801
25929, 151.674454, 7.495760
25929, 151.718414, 7.407869
25929, 151.718414, 7.495760
25930, 151.696442, 7.429835
25930, 151.762344, 7.407869
25930, 151.696442, 7.517726
25938, 151.718414, 7.473767
25943, 151.652496, 7.429835
25948, 151.718414, 7.407869
25952, 151.696442, 7.429835
25957, 151.674454, 7.363910
25962, 151.696442, 7.363910
25967, 151.674454, 7.385876
25972, 151.652496, 7.429835
25977, 151.718414, 7.473767
26033, 151.674454, 7.429835
26033, 151.652496, 7.429835
26033, 151.630524, 7.429835
26034, 151.652496, 7.473767
26034, 151.696442, 7.539692
26034, 151.674454, 7.451801
26041, 151.674454, 7.363910
26046, 151.696442, 7.429835
26051, 151.696442, 7.407869
26056, 151.630524, 7.473767
26061, 151.674454, 7.407869
26066, 151.740387, 7.451801
26071, 151.718414, 7.407869
26076, 151.652496, 7.539692
26081, 151.696442, 7.451801
26137, 151.652496, 7.451801
26140, 151.718414, 7.429835
26140, 151.674454, 7.429835
26140, 151.740387, 7.407869
26140, 151.740387, 7.473767
26141, 151.718414, 7.451801
26145, 151.696442, 7.385876
26150, 151.718414, 7.429835
26155, 151.740387, 7.429835
26160, 151.718414, 7.473767
26165, 151.718414, 7.429835
26170, 151.674454, 7.429835
26175, 151.652496, 7.451801
26180, 151.718414, 7.407869
26185, 151.718414, 7.385876
26240, 151.696442, 7.473767
26240, 151.674454, 7.451801
26241, 151.674454, 7.451801
26241, 151.652496, 7.473767
26244, 151.674454, 7.429835
26244, 151.718414, 7.451801
26249, 151.740387, 7.385876
26254, 151.718414, 7.407869
26259, 151.696442, 7.451801
26264, 151.740387, 7.451801
26268, 151.718414, 7.451801
26273, 151.674454, 7.451801
26278, 151.718414, 7.473767
26283, 151.696442, 7.429835
26288, 151.718414, 7.451801
26344, 151.696442, 7.451801
26344, 151.696442, 7.429835
26344, 151.696442, 7.495760
26345, 151.696442, 7.429835
26345, 151.740387, 7.473767
26345, 151.696442, 7.473767
26352, 151.718414, 7.451801
26357, 151.718414, 7.473767
26362, 151.630524, 7.429835
26367, 151.740387, 7.451801
26372, 151.718414, 7.429835
26377, 151.740387, 7.473767
26382, 151.674454, 7.385876
26387, 151.740387, 7.495760
26392, 151.696442, 7.495760
26447, 151.696442, 7.473767
26448, 151.718414, 7.451801
26448, 151.674454, 7.473767
26449, 151.740387, 7.451801
26449, 151.674454, 7.429835
26449, 151.718414, 7.473767
26456, 151.718414, 7.451801
26461, 151.696442, 7.451801
26466, 151.718414, 7.407869
26471, 151.608551, 7.495760
26476, 151.696442, 7.473767
26481, 151.696442, 7.451801
26486, 151.696442, 7.385876
26491, 151.696442, 7.429835
26496, 151.718414, 7.407869
26551, 151.674454, 7.429835
26552, 151.674454, 7.429835
26552, 151.740387, 7.429835
26552, 151.696442, 7.429835
26552, 151.718414, 7.407869
26553, 151.674454, 7.451801
26560, 151.652496, 7.451801
26565, 151.674454, 7.473767
26570, 151.652496, 7.473767
26575, 151.740387, 7.495760
26580, 151.740387, 7.451801
26585, 151.674454, 7.407869
26590, 151.696442, 7.407869
26595, 151.718414, 7.429835
26599, 151.608551, 7.473767
26655, 151.696442, 7.385876
26656, 151.696442, 7.429835
26656, 151.696442, 7.451801
26656, 151.718414, 7.451801
26657, 151.718414, 7.429835
26657, 151.696442, 7.473767
26664, 151.784332, 7.451801
26669, 151.696442, 7.495760
26674, 151.718414, 7.473767
26679, 151.718414, 7.385876
26684, 151.718414, 7.473767
26689, 151.740387, 7.473767
26694, 151.718414, 7.385876
26699, 151.718414, 7.429835
26703, 151.718414, 7.495760
26759, 151.674454, 7.407869
26759, 151.674454, 7.473767
26762, 151.696442, 7.473767
26762, 151.652496, 7.473767
26763, 151.718414, 7.407869
26763, 151.762344, 7.451801
26763, 151.762344, 7.429835
26768, 151.696442, 7.451801
26773, 151.718414, 7.495760
26778, 151.718414, 7.473767
26782, 151.762344, 7.495760
26787, 151.696442, 7.429835
26792, 151.718414, 7.473767
26797, 151.718414, 7.451801
26802, 151.718414, 7.407869
26807, 151.674454, 7.429835
26862, 151.674454, 7.407869
26863, 151.740387, 7.451801
26863, 151.718414, 7.451801
26863, 151.718414, 7.451801
26866, 151.652496, 7.473767
26867, 151.718414, 7.429835
26867, 151.652496, 7.473767
26871, 151.740387, 7.407869
26876, 151.674454, 7.385876
26881, 151.652496, 7.429835
26886, 151.740387, 7.407869
26891, 151.762344, 7.517726
26896, 151.696442, 7.429835
26901, 151.696442, 7.517726
26906, 151.718414, 7.495760
26911, 151.696442, 7.451801
26966, 151.718414, 7.407869
26967, 151.740387, 7.407869
26967, 151.696442, 7.429835
26967, 151.740387, 7.495760
26968, 151.630524, 7.451801
26968, 151.652496, 7.451801
26970, 151.740387, 7.473767
26975, 151.696442, 7.429835
26980, 151.762344, 7.495760
26985, 151.718414, 7.429835
26989, 151.718414, 7.407869
26995, 151.762344, 7.429835
27000, 151.740387, 7.429835
27005, 151.674454, 7.473767
27010, 151.718414, 7.495760
27015, 151.674454, 7.429835
27070, 151.696442, 7.473767
27071, 151.718414, 7.473767
27071, 151.718414, 7.429835
27071, 151.718414, 7.407869
27072, 151.740387, 7.517726
27072, 151.740387, 7.451801
27073, 151.696442, 7.473767
27078, 151.740387, 7.407869
27083, 151.718414, 7.473767
27088, 151.740387, 7.429835
27094, 151.740387, 7.363910
27098, 151.718414, 7.407869
27103, 151.674454, 7.473767
27108, 151.696442, 7.473767
27113, 151.674454, 7.407869
27118, 151.740387, 7.495760
27173, 151.718414, 7.473767
27174, 151.696442, 7.473767
27174, 151.696442, 7.429835
27174, 151.696442, 7.517726
27175, 151.674454, 7.495760
27175, 151.696442, 7.363910
27177, 151.674454, 7.407869
27182, 151.718414, 7.473767
27187, 151.718414, 7.517726
27192, 151.696442, 7.429835
27197, 151.718414, 7.495760
27202, 151.696442, 7.539692
27207, 151.674454, 7.495760
27212, 151.696442, 7.451801
27217, 151.718414, 7.495760
27221, 151.696442, 7.473767
27277, 151.674454, 7.473767
27278, 151.718414, 7.451801
27278, 151.696442, 7.407869
27278, 151.652496, 7.473767
27278, 151.696442, 7.495760
27278, 151.740387, 7.495760
27281, 151.696442, 7.429835
27286, 151.718414, 7.495760
27291, 151.674454, 7.473767
27296, 151.652496, 7.473767
27300, 151.696442, 7.429835
27305, 151.674454, 7.385876
27310, 151.740387, 7.473767
27315, 151.696442, 7.407869
27320, 151.674454, 7.495760
27325, 151.718414, 7.451801
27381, 151.718414, 7.473767
27381, 151.652496, 7.473767
27381, 151.718414, 7.473767
27382, 151.718414, 7.451801
27382, 151.762344, 7.451801
27382, 151.762344, 7.451801
27384, 151.674454, 7.473767
27389, 151.718414, 7.495760
27394, 151.718414, 7.495760
27399, 151.762344, 7.385876
27404, 151.740387, 7.429835
27409, 151.652496, 7.407869
27414, 151.652496, 7.429835
27419, 151.740387, 7.451801
27424, 151.740387, 7.429835
27429, 151.762344, 7.385876
27484, 151.718414, 7.407869
27485, 151.718414, 7.363910
27485, 151.718414, 7.473767
27485, 151.674454, 7.429835
27486, 151.674454, 7.429835
27486, 151.718414, 7.407869
27488, 151.718414, 7.451801
27493, 151.652496, 7.385876
27498, 151.696442, 7.473767
27503, 151.718414, 7.473767
27508, 151.718414, 7.451801
27513, 151.718414, 7.473767
27518, 151.696442, 7.429835
27523, 151.696442, 7.407869
27527, 151.718414, 7.451801
27532, 151.696442, 7.473767
27588, 151.674454, 7.385876
27588, 151.740387, 7.495760
27591, 151.762344, 7.495760
27592, 151.718414, 7.407869
27592, 151.762344, 7.429835
27592, 151.762344, 7.451801
27592, 151.696442, 7.429835
27597, 151.740387, 7.495760
27602, 151.740387, 7.451801
27606, 151.696442, 7.495760
27611, 151.674454, 7.429835
27616, 151.740387, 7.473767
27621, 151.718414, 7.451801
27626, 151.762344, 7.517726
27631, 151.718414, 7.429835
27636, 151.740387, 7.407869
27692, 151.696442, 7.429835
27692, 151.718414, 7.385876
27692, 151.718414, 7.407869
27692, 151.696442, 7.473767
27696, 151.718414, 7.495760
27696, 151.762344, 7.429835
27696, 151.718414, 7.451801
27700, 151.696442, 7.429835
27705, 151.674454, 7.451801
27710, 151.740387, 7.473767
27715, 151.652496, 7.429835
27720, 151.696442, 7.407869
27725, 151.696442, 7.407869
27730, 151.718414, 7.407869
27735, 151.696442, 7.473767
27740, 151.740387, 7.407869
27795, 151.718414, 7.451801
27796, 151.784332, 7.429835
27796, 151.696442, 7.451801
27796, 151.718414, 7.451801
27797, 151.696442, 7.495760
27797, 151.674454, 7.451801
27799, 151.718414, 7.451801
27804, 151.674454, 7.407869
27809, 151.674454, 7.451801
27814, 151.762344, 7.495760
27819, 151.696442, 7.451801
27824, 151.674454, 7.473767
27829, 151.718414, 7.451801
27834, 151.718414, 7.473767
27838, 151.696442, 7.429835
